Workbook

Sheet 2026.9.3
G1: SCR-LP | H1: 금일조립수량 | I1: ICER | J1: 금일조립수량
G2: SCR N400A
G3: SCR N450
G4: SCR 400A | I4: ICER 600A
G5: SCR 450A | I5: ICER 700A
G6: SCR 500A | I6: ICER 800A
G7: SCR N500A | I7: ICER 1000A
A8: DAMPER 조립 자재 재고현황 | G8: SCR 550A
G9: SCR N550A
G10: SCR 600A
G11: SCR N600A
G12: SCR 650A
G13: SCR 700A
G14: SCR750A
G15: SCR 800A
A17: 자재명 | B17: 재질 | C17: 수량/1대 | D17: 적용제품 | E17: 자재규격 | F17: 전일재고 | G17: 투입수량 | H17: 분실/파손 | I17: 입고수량 | J17: 현재재고 | K17: 조립가능대수 | L17: 알람
A18: Key | B18: S45c | C18: 2 | D18: SCR 400A-750A공용 | E18: 10×8×35L | F18: 310 | G18: =SUM(H4:H14)*C18 -> 0 | J18: =F18+I18-G18-H18 -> 310 | K18: =J18/C18 -> 155
A19: Key | B19: S45c | C19: 2 | D19: SCR 800A | E19: 12×8×55L | F19: 240 | G19: =H15*C19 -> 0 | J19: =F19+I19-G19-H19 -> 240 | K19: =J19/C19 -> 120
A20: Key | B20: SUS304 | C20: 2 | D20: ICER 600A | E20: 10×8×45L | F20: 76 | G20: =J4*C20 -> 0 | J20: =F20+I20-G20-H20 -> 76 | K20: =J20/C20 -> 38
A21: Key | B21: SUS304 | C21: 2 | D21: ICER 700A | E21: 12×8×58L | F21: 2 | G21: =J5*C21 -> 0 | J21: =F21+I21-G21-H21 -> 2 | K21: =J21/C21 -> 1
A22: Key | B22: SUS304 | C22: 2 | D22: ICER 800A | E22: 14×9×60L | F22: 73 | G22: =J6*C22 -> 0 | J22: =F22+I22-G22-H22 -> 73 | K22: =J22/C22 -> 36.5
A23: Key | B23: SUS304 | C23: 2 | D23: ICER 1000A | E23: 14×9×50L | F23: 78 | G23: =J7*C23 -> 0 | J23: =F23+I23-G23-H23 -> 78 | K23: =J23/C23 -> 39
A24: Dust Seal | B24: GRAPHITE | C24: 4 | D24: SCR 400A-600A | E24: 45×35×5L | F24: 304 | G24: =SUM(H2:H11)*C24 -> 0 | J24: =F24+I24-G24-H24 -> 304 | K24: =J24/C24 -> 76
A25: Dust Seal | B25: GRAPHITE | C25: 4 | D25: SCR 650A-750A | E25: 50×40×5L | F25: 150 | G25: =SUM(H12:H14)*C25 -> 0 | J25: =F25+I25-G25-H25 -> 150 | K25: =J25/C25 -> 37.5
A26: Dust Seal | B26: GRAPHITE | C26: 4 | D26: SCR 800A | E26: 60×45×7.5L | F26: 262 | G26: =H15*C26 -> 0 | J26: =F26+I26-G26-H26 -> 262 | K26: =J26/C26 -> 65.5
A27: Dust Seal | B27: GRAPHITE | C27: 4 | D27: ICER 600A | E27: 50×40×5L | F27: 206 | G27: =J4*C27 -> 0 | J27: =F27+I27-G27-H27 -> 206 | K27: =J27/C27 -> 51.5
A28: Dust Seal | B28: GRAPHITE | C28: 4 | D28: ICER 700A | E28: 55×45×5L | F28: 0 | G28: =J5*C28 -> 0 | J28: =F28+I28-G28-H28 -> 0 | K28: =J28/C28 -> 0
A29: Dust Seal | B29: GRAPHITE | C29: 4 | D29: ICER 800A/1000A공용 | E29: 60×50×5L | F29: 328 | G29: =SUM(J6:J7)*C29 -> 0 | J29: =F29+I29-G29-H29 -> 328 | K29: =J29/C29 -> 82
A30: Packing Ring | B30: GRAPHITE | C30: 8 | D30: SCR 400A-600A | E30: 45×35×5L | F30: 612 | G30: =SUM(H2:H11)*C30 -> 0 | J30: =F30+I30-G30-H30 -> 612 | K30: =J30/C30 -> 76.5
A31: Packing Ring | B31: GRAPHITE | C31: 8 | D31: SCR 650A-750A | E31: 50×40×5L | F31: 246 | G31: =SUM(H12:H14)*C31 -> 0 | J31: =F31+I31-G31-H31 -> 246 | K31: =J31/C31 -> 30.75
A32: Packing Ring | B32: GRAPHITE | C32: 8 | D32: SCR 800A | E32: 60×45×7.5 | F32: 530 | G32: =H15*C32 -> 0 | J32: =F32+I32-G32-H32 -> 530 | K32: =J32/C32 -> 66.25
A33: Packing Ring | B33: GRAPHITE | C33: 5 | D33: ICER 600A | E33: 55×40×7.5 | F33: 180 | G33: =J4*C33 -> 0 | J33: =F33+I33-G33-H33 -> 180 | K33: =J33/C33 -> 36
A34: Packing Ring | B34: GRAPHITE | C34: 5 | D34: ICER 700A | E34: 60×45×7.5 | F34: 5 | G34: =J5*C34 -> 0 | J34: =F34+I34-G34-H34 -> 5 | K34: =J34/C34 -> 1
A35: Packing Ring | B35: GRAPHITE | C35: 5 | D35: ICER 800A/1000A공용 | E35: 65×50×7.5 | F35: 380 | G35: =J7*C35 -> 0 | J35: =F35+I35-G35-H35 -> 380 | K35: =J35/C35 -> 76
A36: Space Ring | B36: EY306 | C36: 2 | D36: SCR 400A-600A | E36: 45×35×20L | F36: 79 | G36: =SUM(H2:H11)*C36 -> 0 | J36: =F36+I36-G36-H36 -> 79 | K36: =J36/C36 -> 39.5
A37: Space Ring | B37: EY306 | C37: 2 | D37: SCR 650A-750A | E37: 50×40×50L | F37: 116 | G37: =SUM(H12:H14)*C37 -> 0 | J37: =F37+I37-G37-H37 -> 116 | K37: =J37/C37 -> 58
A38: Space Ring | B38: EY306 | C38: 2 | D38: SCR 800A | E38: 60×45×50L | F38: 70 | G38: =H15*C38 -> 0 | J38: =F38+I38-G38-H38 -> 70 | K38: =J38/C38 -> 35
A39: Space Ring | B39: EY306 | C39: 2 | D39: ICER 600A | E39: 49.95×40.4×77L | F39: 68 | G39: =J4*C39 -> 0 | J39: =F39+I39-G39-H39 -> 68 | K39: =J39/C39 -> 34
A40: Space Ring | B40: EY306 | C40: 2 | D40: ICER 700A | E40: 54.95×45.4×70L | F40: 0 | G40: =J5*C40 -> 0 | J40: =F40+I40-G40-H40 -> 0 | K40: =J40/C40 -> 0
A41: Space Ring | B41: EY306 | C41: 2 | D41: ICER 800A | E41: 59.95×50.4×77L | F41: 88 | G41: =J6*C41 -> 0 | J41: =F41+I41-G41-H41 -> 88 | K41: =J41/C41 -> 44
A42: Space Ring | B42: EY306 | C42: 2 | D42: ICER 1000A | E42: 60×50×59L | F42: 81 | G42: =J7*C42 -> 0 | J42: =F42+I42-G42-H42 -> 81 | K42: =J42/C42 -> 40.5
A43: Gland Flange | B43: SUS304 | C43: 2 | D43: SCR 400A-600A | E43: 75×10T | F43: 36 | G43: =SUM(H2:H11)*C43 -> 0 | J43: =F43+I43-G43-H43 -> 36 | K43: =J43/C43 -> 18
A44: Gland Flange | B44: SUS304 | C44: 2 | D44: SCR 650A-750A | E44: 80×10T | F44: 177 | G44: =SUM(H12:H14)*C44 -> 0 | J44: =F44+I44-G44-H44 -> 177 | K44: =J44/C44 -> 88.5
A45: Gland Flange | B45: SUS304 | C45: 2 | D45: SCR 800A | E45: 140×15T | F45: 65 | G45: =H15*C45 -> 0 | J45: =F45+I45-G45-H45 -> 65 | K45: =J45/C45 -> 32.5
A46: Gland Flange | B46: SUS316 | C46: 1 | D46: ICER 600A | E46: 120×18T | F46: 0 | G46: =J4*C46 -> 0 | J46: =F46+I46-G46-H46 -> 0 | K46: =J46/C46 -> 0
A47: Gland Flange | B47: SUS316 | C47: 1 | D47: ICER 700A | F47: 3 | G47: =J5*C47 -> 0 | J47: =F47+I47-G47-H47 -> 3 | K47: =J47/C47 -> 3
A48: Gland Flange | B48: SUS316 | C48: 1 | D48: ICER 800A | E48: 130×18T | F48: 8 | G48: =J6*C48 -> 0 | J48: =F48+I48-G48-H48 -> 8 | K48: =J48/C48 -> 8
A49: Gland Flange | B49: SUS316 | C49: 1 | D49: ICER 1000A | E49: 130×18T | F49: 7 | G49: =J7*C49 -> 0 | J49: =F49+I49-G49-H49 -> 7 | K49: =J49/C49 -> 7
A50: Packing Bush | B50: SUS304 | C50: 2 | D50: SCR 400A-600A | E50: 45×36×17L | F50: 116 | G50: =SUM(H2:H11)*C50 -> 0 | J50: =F50+I50-G50-H50 -> 116 | K50: =J50/C50 -> 58
A51: Packing Bush | B51: SUS304 | C51: 2 | D51: SCR 650A-750A | E51: 50×41×25L | F51: 62 | G51: =SUM(H12:H14)*C51 -> 0 | J51: =F51+I51-G51-H51 -> 62 | K51: =J51/C51 -> 31
A52: Packing Bush | B52: SUS304 | C52: 2 | D52: SCR 800A | E52: 60×46×35L | F52: 93 | G52: =H15*C52 -> 0 | J52: =F52+I52-G52-H52 -> 93 | K52: =J52/C52 -> 46.5
A53: Packing Bush | B53: SUS316 | C53: 1 | D53: ICER 600A | F53: 1 | G53: =J4*C53 -> 0 | J53: =F53+I53-G53-H53 -> 1 | K53: =J53/C53 -> 1
A54: Packing Bush | B54: SUS316 | C54: 1 | D54: ICER 700A | F54: 0 | G54: =J5*C54 -> 0 | J54: =F54+I54-G54-H54 -> 0 | K54: =J54/C54 -> 0
A55: Packing Bush | B55: SUS316 | C55: 1 | D55: ICER 800A | F55: 9 | G55: =J6*C55 -> 0 | J55: =F55+I55-G55-H55 -> 9 | K55: =J55/C55 -> 9
A56: Packing Bush | B56: SUS316 | C56: 1 | D56: ICER 1000A | E56: 65×51×45L | F56: 7 | G56: =J7*C56 -> 0 | J56: =F56+I56-G56-H56 -> 7 | K56: =J56/C56 -> 7
A57: Stud Bolt | B57: SUS304 | C57: 8 | D57: SCR 400A-600A | E57: M6×65L | F57: 318 | G57: =SUM(H2:H11)*C57 -> 0 | J57: =F57+I57-G57-H57 -> 318 | K57: =J57/C57 -> 39.75
A58: Stud Bolt | B58: SUS304 | C58: 8 | D58: SCR 650A-750A | E58: M8×70L | F58: 299 | G58: =SUM(H12:H14)*C58 -> 0 | J58: =F58+I58-G58-H58 -> 299 | K58: =J58/C58 -> 37.375
A59: Stud Bolt | B59: SUS304 | C59: 8 | D59: SCR 800A | E59: M10×75L | F59: 686 | G59: =H15*C59 -> 0 | J59: =F59+I59-G59-H59 -> 686 | K59: =J59/C59 -> 85.75
A60: Stud Bolt | B60: A4-80 | C60: 4 | D60: ICER 600A | E60: M12×110L | F60: 138 | G60: =J4*C60 -> 0 | J60: =F60+I60-G60-H60 -> 138 | K60: =J60/C60 -> 34.5
A61: Stud Bolt | B61: A4-80 | C61: 4 | D61: ICER 700A/800A공용 | E61: M16×120L | F61: 155 | G61: =SUM(J5:J6)*C61 -> 0 | J61: =F61+I61-G61-H61 -> 155 | K61: =J61/C61 -> 38.75
A62: Stud Bolt | B62: A4-80 | C62: 4 | D62: ICER 1000A | E62: M16×130L | F62: 165 | G62: =J7*C62 -> 0 | J62: =F62+I62-G62-H62 -> 165 | K62: =J62/C62 -> 41.25
A63: Bearing Seat | B63: C2604 | C63: 2 | D63: SCR 400A-600A | E63: 40×4L | F63: 122 | G63: =SUM(H2:H11)*C63 -> 0 | J63: =F63+I63-G63-H63 -> 122 | K63: =J63/C63 -> 61
A64: Bearing Seat | B64: C2604 | C64: 2 | D64: SCR 650A-750A | E64: 45×5L | F64: 37 | G64: =SUM(H12:H14)*C64 -> 0 | J64: =F64+I64-G64-H64 -> 37 | K64: =J64/C64 -> 18.5
A65: Bearing Seat | B65: C2604 | C65: 2 | D65: SCR 800A | E65: 50×5L | F65: 94 | G65: =H15*C65 -> 0 | J65: =F65+I65-G65-H65 -> 94 | K65: =J65/C65 -> 47
A66: Unit Bearing | B66: SUJ2 | C66: 2 | D66: SCR 400A-600A | E66: UCF206 | F66: 72 | G66: =SUM(H2:H11)*C66 -> 0 | J66: =F66+I66-G66-H66 -> 72 | K66: =J66/C66 -> 36
A67: Unit Bearing | B67: SUJ2 | C67: 2 | D67: SCR 650A-750A | E67: UCF207 | F67: 41 | G67: =SUM(H12:H14)*C67 -> 0 | J67: =F67+I67-G67-H67 -> 41 | K67: =J67/C67 -> 20.5
A68: Unit Bearing | B68: SUJ2 | C68: 2 | D68: SCR 800A | E68: UCF208 | F68: 32 | G68: =H15*C68 -> 0 | J68: =F68+I68-G68-H68 -> 32 | K68: =J68/C68 -> 16
A69: End Cover | B69: SUS316 | C69: 1 | D69: ICER 600A | E69: 120×18T | F69: 0 | G69: =J4*C69 -> 0 | J69: =F69+I69-G69-H69 -> 0 | K69: =J69/C69 -> 0
A70: End Cover | B70: SUS316 | C70: 1 | D70: ICER 700A | F70: 3 | G70: =J5*C70 -> 0 | J70: =F70+I70-G70-H70 -> 3 | K70: =J70/C70 -> 3
A71: End Cover | B71: SUS316 | C71: 1 | D71: ICER 800A | E71: 130×25T | F71: 10 | G71: =J6*C71 -> 0 | J71: =F71+I71-G71-H71 -> 10 | K71: =J71/C71 -> 10
A72: End Cover | B72: SUS316 | C72: 1 | D72: ICER 1000A | E72: 130×25T | F72: 6 | G72: =J7*C72 -> 0 | J72: =F72+I72-G72-H72 -> 6 | K72: =J72/C72 -> 6
A73: Shaft Rig | B73: CAC406 | C73: 1 | D73: ICER 600A | F73: 0 | G73: =J4*C73 -> 0 | J73: =F73+I73-G73-H73 -> 0 | K73: =J73/C73 -> 0
A74: Shaft Rig | B74: CAC406 | C74: 1 | D74: ICER 700A | F74: 0 | G74: =J5*C74 -> 0 | J74: =F74+I74-G74-H74 -> 0 | K74: =J74/C74 -> 0
A75: Shaft Rig | B75: CAC406 | C75: 1 | D75: ICER 800A | F75: 9 | G75: =J6*C75 -> 0 | J75: =F75+I75-G75-H75 -> 9 | K75: =J75/C75 -> 9
A76: Shaft Rig | B76: CAC406 | C76: 1 | D76: ICER 1000A | F76: 8 | G76: =J7*C76 -> 0 | J76: =F76+I76-G76-H76 -> 8 | K76: =J76/C76 -> 8
A77: Shaft Rig Holder | B77: SUS316 | C77: 1 | D77: ICER 600A | F77: 1 | G77: =J4*C77 -> 0 | J77: =F77+I77-G77-H77 -> 1 | K77: =J77/C77 -> 1
A78: Shaft Rig Holder | B78: SUS316 | C78: 1 | D78: ICER 700A | F78: 1 | G78: =J5*C78 -> 0 | J78: =F78+I78-G78-H78 -> 1 | K78: =J78/C78 -> 1
A79: Shaft Rig Holder | B79: SUS316 | C79: 1 | D79: ICER 800A | F79: 8 | G79: =J6*C79 -> 0 | J79: =F79+I79-G79-H79 -> 8 | K79: =J79/C79 -> 8
A80: Gasket | B80: GRAPHITE | C80: 1 | D80: ICER 600A | E80: 69.8×55×3T | F80: 35 | G80: =J4*C80 -> 0 | J80: =F80+I80-G80-H80 -> 35 | K80: =J80/C80 -> 35
A81: Gasket | B81: GRAPHITE | C81: 1 | D81: ICER 700A | E81: 74.8×60×3T | F81: 0 | G81: =J5*C81 -> 0 | J81: =F81+I81-G81-H81 -> 0 | K81: =J81/C81 -> 0
A82: Gasket | B82: GRAPHITE | C82: 1 | D82: ICER 800A | E82: 80×64.7×3T | F82: 44 | G82: =J6*C82 -> 0 | J82: =F82+I82-G82-H82 -> 44 | K82: =J82/C82 -> 44
A83: Gasket | B83: GRAPHITE | C83: 1 | D83: ICER 1000A | E83: 80×66×3.5T | F83: 37 | G83: =J7*C83 -> 0 | J83: =F83+I83-G83-H83 -> 37 | K83: =J83/C83 -> 37
A84: Trust plate | B84: INCONEL625 | C84: 1 | D84: ICER 600A | E84: 20×2T | F84: 41 | G84: =J4*C84 -> 0 | J84: =F84+I84-G84-H84 -> 41 | K84: =J84/C84 -> 41
A85: Trust plate | B85: INCONEL625 | C85: 1 | D85: ICER 700A | E85: 23×2T | F85: 1 | G85: =J5*C85 -> 0 | J85: =F85+I85-G85-H85 -> 1 | K85: =J85/C85 -> 1
A86: Trust plate | B86: INCONEL625 | C86: 1 | D86: ICER 800A | E86: 25×2T | F86: 36 | G86: =J6*C86 -> 0 | J86: =F86+I86-G86-H86 -> 36 | K86: =J86/C86 -> 36
A87: Trust plate | B87: INCONEL625 | C87: 1 | D87: ICER 1000A | E87: 25×2T | F87: 36 | G87: =J7*C87 -> 0 | J87: =F87+I87-G87-H87 -> 36 | K87: =J87/C87 -> 36
A88: Shaft | B88: SUS304 | C88: 1 | D88: SCR 400A/450A공용 | E88: TOP | F88: 1 | G88: =SUM(H4:H5)*C88 -> 0 | J88: =F88+I88-G88-H88 -> 1 | K88: =J88/C88 -> 1
A89: Shaft | B89: SUS304 | C89: 1 | D89: SCR 400A/450A공용 | E89: BOTTOM | F89: 3 | G89: =SUM(H4:H5)*C89 -> 0 | J89: =F89+I89-G89-H89 -> 3 | K89: =J89/C89 -> 3
A90: Shaft | B90: SUS304 | C90: 1 | D90: SCR N400A | E90: TOP | G90: =H2*C90 -> 0 | J90: =F90+I90-G90-H90 -> 0 | K90: =J90/C90 -> 0
A91: Shaft | B91: SUS304 | C91: 1 | D91: SCR N400A | E91: BOTTOM | G91: =H2*C91 -> 0 | J91: =F91+I91-G91-H91 -> 0 | K91: =J91/C91 -> 0
A92: Shaft | B92: SUS304 | C92: 1 | D92: SCR N450A | E92: TOP | F92: 4 | G92: =H5 -> 0 | J92: =F92+I92-G92-H92 -> 4 | K92: =J92/C92 -> 4
A93: Shaft | B93: SUS304 | C93: 1 | D93: SCR N450A | E93: BOTTOM | F93: 4 | G93: =H5 -> 0 | J93: =F93+I93-G93-H93 -> 4 | K93: =J93/C93 -> 4
A94: Shaft | B94: SUS304 | C94: 1 | D94: SCR 500A-600A | E94: TOP | F94: 44 | G94: =SUM(H10,H6) -> 0 | J94: =F94+I94-G94-H94 -> 44 | K94: =J94/C94 -> 44
A95: Shaft | B95: SUS304 | C95: 1 | D95: SCR 500A-600A | E95: BOTTOM | F95: 44 | G95: =SUM(H6,H10) -> 0 | J95: =F95+I95-G95-H95 -> 44 | K95: =J95/C95 -> 44
A96: Shaft | B96: SUS304 | C96: 1 | D96: SCR N500A | E96: TOP | F96: 26 | G96: =H7 -> 0 | J96: =F96+I96-G96-H96 -> 26 | K96: =J96/C96 -> 26
A97: Shaft | B97: SUS304 | C97: 1 | D97: SCR N500A | E97: BOTTOM | F97: 26 | G97: =H7 -> 0 | J97: =F97+I97-G97-H97 -> 26 | K97: =J97/C97 -> 26
A98: Shaft | B98: SUS304 | C98: 1 | D98: SCR 550A | E98: TOP | G98: =H8 -> 0 | J98: =F98+I98-G98-H98 -> 0 | K98: =J98/C98 -> 0
A99: Shaft | B99: SUS304 | C99: 1 | D99: SCR 550A | E99: BOTTOM | G99: =H8 -> 0 | J99: =F99+I99-G99-H99 -> 0 | K99: =J99/C99 -> 0
A100: Shaft | B100: SUS304 | C100: 1 | D100: SCR N550A/N600A공용 | E100: TOP | F100: 6 | G100: =SUM(H9,H11)*C100 -> 0 | J100: =F100+I100-G100-H100 -> 6 | K100: =J100/C100 -> 6
A101: Shaft | B101: SUS304 | C101: 1 | D101: SCR N550A/N600A공용 | E101: BOTTOM | F101: 6 | G101: =SUM(H9,H11)*C101 -> 0 | J101: =F101+I101-G101-H101 -> 6 | K101: =J101/C101 -> 6
...

Sheet 2026.9.4
G1: SCR-LP | H1: 금일조립수량 | I1: ICER | J1: 금일조립수량
G2: SCR N400A
G3: SCR N450
G4: SCR 400A | I4: ICER 600A
G5: SCR 450A | I5: ICER 700A
G6: SCR 500A | I6: ICER 800A
G7: SCR N500A | I7: ICER 1000A | J7: 2
A8: DAMPER 조립 자재 재고현황 | G8: SCR 550A
G9: SCR N550A
G10: SCR 600A
G11: SCR N600A
G12: SCR 650A
G13: SCR 700A
G14: SCR750A
G15: SCR 800A
A17: 자재명 | B17: 재질 | C17: 수량 | D17: 적용제품 | E17: 자재규격 | F17: 전일재고 | G17: 투입수량 | H17: 분실/파손 | I17: 입고수량 | J17: 현재재고 | K17: 생조립가능대수 | L17: 알람
A18: Key | B18: S45c | C18: 2 | D18: SCR 400A-750A공용 | E18: 10×8×35L | F18: ='2026.9.3'!J18 -> 310 | G18: =SUM(H4:H14)*C18 -> 0 | J18: =F18+I18-G18-H18 -> 310 | K18: =J18/C18 -> 155
A19: Key | B19: S45c | C19: 2 | D19: SCR 800A | E19: 12×8×55L | F19: 240 | G19: =H15*C19 -> 0 | J19: =F19+I19-G19-H19 -> 240 | K19: =J19/C19 -> 120
A20: Key | B20: SUS304 | C20: 2 | D20: ICER 600A | E20: 10×8×45L | F20: 76 | G20: =J4*C20 -> 0 | J20: =F20+I20-G20-H20 -> 76 | K20: =J20/C20 -> 38
A21: Key | B21: SUS304 | C21: 2 | D21: ICER 700A | E21: 12×8×58L | F21: 2 | G21: =J5*C21 -> 0 | J21: =F21+I21-G21-H21 -> 2 | K21: =J21/C21 -> 1
A22: Key | B22: SUS304 | C22: 2 | D22: ICER 800A | E22: 14×9×60L | F22: 73 | G22: =J6*C22 -> 0 | J22: =F22+I22-G22-H22 -> 73 | K22: =J22/C22 -> 36.5
A23: Key | B23: SUS304 | C23: 2 | D23: ICER 1000A | E23: 14×9×50L | F23: 78 | G23: =J7*C23 -> 4 | J23: =F23+I23-G23-H23 -> 74 | K23: =J23/C23 -> 37
A24: Dust Seal | B24: GRAPHITE | C24: 4 | D24: SCR 400A-600A | E24: 45×35×5L | F24: 304 | G24: =SUM(H2:H11)*C24 -> 0 | J24: =F24+I24-G24-H24 -> 304 | K24: =J24/C24 -> 76
A25: Dust Seal | B25: GRAPHITE | C25: 4 | D25: SCR 650A-750A | E25: 50×40×5L | F25: 150 | G25: =SUM(H12:H14)*C25 -> 0 | J25: =F25+I25-G25-H25 -> 150 | K25: =J25/C25 -> 37.5
A26: Dust Seal | B26: GRAPHITE | C26: 4 | D26: SCR 800A | E26: 60×45×7.5L | F26: 262 | G26: =H15*C26 -> 0 | J26: =F26+I26-G26-H26 -> 262 | K26: =J26/C26 -> 65.5
A27: Dust Seal | B27: GRAPHITE | C27: 4 | D27: ICER 600A | E27: 50×40×5L | F27: 206 | G27: =J4*C27 -> 0 | J27: =F27+I27-G27-H27 -> 206 | K27: =J27/C27 -> 51.5
A28: Dust Seal | B28: GRAPHITE | C28: 4 | D28: ICER 700A | E28: 55×45×5L | F28: 0 | G28: =J5*C28 -> 0 | J28: =F28+I28-G28-H28 -> 0 | K28: =J28/C28 -> 0
A29: Dust Seal | B29: GRAPHITE | C29: 4 | D29: ICER 800A/1000A공용 | E29: 60×50×5L | F29: 328 | G29: =SUM(J6:J7)*C29 -> 8 | J29: =F29+I29-G29-H29 -> 320 | K29: =J29/C29 -> 80
A30: Packing Ring | B30: GRAPHITE | C30: 8 | D30: SCR 400A-600A | E30: 45×35×5L | F30: 612 | G30: =SUM(H2:H11)*C30 -> 0 | J30: =F30+I30-G30-H30 -> 612 | K30: =J30/C30 -> 76.5
A31: Packing Ring | B31: GRAPHITE | C31: 8 | D31: SCR 650A-750A | E31: 50×40×5L | F31: 246 | G31: =SUM(H12:H14)*C31 -> 0 | J31: =F31+I31-G31-H31 -> 246 | K31: =J31/C31 -> 30.75
A32: Packing Ring | B32: GRAPHITE | C32: 8 | D32: SCR 800A | E32: 60×45×7.5 | F32: 530 | G32: =H15*C32 -> 0 | J32: =F32+I32-G32-H32 -> 530 | K32: =J32/C32 -> 66.25
A33: Packing Ring | B33: GRAPHITE | C33: 5 | D33: ICER 600A | E33: 55×40×7.5 | F33: 180 | G33: =J4*C33 -> 0 | J33: =F33+I33-G33-H33 -> 180 | K33: =J33/C33 -> 36
A34: Packing Ring | B34: GRAPHITE | C34: 5 | D34: ICER 700A | E34: 60×45×7.5 | F34: 5 | G34: =J5*C34 -> 0 | J34: =F34+I34-G34-H34 -> 5 | K34: =J34/C34 -> 1
A35: Packing Ring | B35: GRAPHITE | C35: 5 | D35: ICER 800A/1000A공용 | E35: 65×50×7.5 | F35: 380 | G35: =J7*C35 -> 10 | J35: =F35+I35-G35-H35 -> 370 | K35: =J35/C35 -> 74
A36: Space Ring | B36: EY306 | C36: 2 | D36: SCR 400A-600A | E36: 45×35×20L | F36: 79 | G36: =SUM(H2:H11)*C36 -> 0 | J36: =F36+I36-G36-H36 -> 79 | K36: =J36/C36 -> 39.5
A37: Space Ring | B37: EY306 | C37: 2 | D37: SCR 650A-750A | E37: 50×40×50L | F37: 116 | G37: =SUM(H12:H14)*C37 -> 0 | J37: =F37+I37-G37-H37 -> 116 | K37: =J37/C37 -> 58
A38: Space Ring | B38: EY306 | C38: 2 | D38: SCR 800A | E38: 60×45×50L | F38: 70 | G38: =H15*C38 -> 0 | J38: =F38+I38-G38-H38 -> 70 | K38: =J38/C38 -> 35
A39: Space Ring | B39: EY306 | C39: 2 | D39: ICER 600A | E39: 49.95×40.4×77L | F39: 68 | G39: =J4*C39 -> 0 | J39: =F39+I39-G39-H39 -> 68 | K39: =J39/C39 -> 34
A40: Space Ring | B40: EY306 | C40: 2 | D40: ICER 700A | E40: 54.95×45.4×70L | F40: 0 | G40: =J5*C40 -> 0 | J40: =F40+I40-G40-H40 -> 0 | K40: =J40/C40 -> 0
A41: Space Ring | B41: EY306 | C41: 2 | D41: ICER 800A | E41: 59.95×50.4×77L | F41: 88 | G41: =J6*C41 -> 0 | J41: =F41+I41-G41-H41 -> 88 | K41: =J41/C41 -> 44
A42: Space Ring | B42: EY306 | C42: 2 | D42: ICER 1000A | E42: 60×50×59L | F42: 81 | G42: =J7*C42 -> 4 | J42: =F42+I42-G42-H42 -> 77 | K42: =J42/C42 -> 38.5
A43: Gland Flange | B43: SUS304 | C43: 2 | D43: SCR 400A-600A | E43: 75×10T | F43: 36 | G43: =SUM(H2:H11)*C43 -> 0 | J43: =F43+I43-G43-H43 -> 36 | K43: =J43/C43 -> 18
A44: Gland Flange | B44: SUS304 | C44: 2 | D44: SCR 650A-750A | E44: 80×10T | F44: 177 | G44: =SUM(H12:H14)*C44 -> 0 | J44: =F44+I44-G44-H44 -> 177 | K44: =J44/C44 -> 88.5
A45: Gland Flange | B45: SUS304 | C45: 2 | D45: SCR 800A | E45: 140×15T | F45: 65 | G45: =H15*C45 -> 0 | J45: =F45+I45-G45-H45 -> 65 | K45: =J45/C45 -> 32.5
A46: Gland Flange | B46: SUS316 | C46: 1 | D46: ICER 600A | E46: 120×18T | F46: 0 | G46: =J4*C46 -> 0 | J46: =F46+I46-G46-H46 -> 0 | K46: =J46/C46 -> 0
A47: Gland Flange | B47: SUS316 | C47: 1 | D47: ICER 700A | F47: 3 | G47: =J5*C47 -> 0 | J47: =F47+I47-G47-H47 -> 3 | K47: =J47/C47 -> 3
A48: Gland Flange | B48: SUS316 | C48: 1 | D48: ICER 800A | E48: 130×18T | F48: 8 | G48: =J6*C48 -> 0 | J48: =F48+I48-G48-H48 -> 8 | K48: =J48/C48 -> 8
A49: Gland Flange | B49: SUS316 | C49: 1 | D49: ICER 1000A | E49: 130×18T | F49: 7 | G49: =J7*C49 -> 2 | J49: =F49+I49-G49-H49 -> 5 | K49: =J49/C49 -> 5
A50: Packing Bush | B50: SUS304 | C50: 2 | D50: SCR 400A-600A | E50: 45×36×17L | F50: 116 | G50: =SUM(H2:H11)*C50 -> 0 | J50: =F50+I50-G50-H50 -> 116 | K50: =J50/C50 -> 58
A51: Packing Bush | B51: SUS304 | C51: 2 | D51: SCR 650A-750A | E51: 50×41×25L | F51: 62 | G51: =SUM(H12:H14)*C51 -> 0 | J51: =F51+I51-G51-H51 -> 62 | K51: =J51/C51 -> 31
A52: Packing Bush | B52: SUS304 | C52: 2 | D52: SCR 800A | E52: 60×46×35L | F52: 93 | G52: =H15*C52 -> 0 | J52: =F52+I52-G52-H52 -> 93 | K52: =J52/C52 -> 46.5
A53: Packing Bush | B53: SUS316 | C53: 1 | D53: ICER 600A | F53: 1 | G53: =J4*C53 -> 0 | J53: =F53+I53-G53-H53 -> 1 | K53: =J53/C53 -> 1
A54: Packing Bush | B54: SUS316 | C54: 1 | D54: ICER 700A | F54: 0 | G54: =J5*C54 -> 0 | J54: =F54+I54-G54-H54 -> 0 | K54: =J54/C54 -> 0
A55: Packing Bush | B55: SUS316 | C55: 1 | D55: ICER 800A | F55: 9 | G55: =J6*C55 -> 0 | J55: =F55+I55-G55-H55 -> 9 | K55: =J55/C55 -> 9
A56: Packing Bush | B56: SUS316 | C56: 1 | D56: ICER 1000A | E56: 65×51×45L | F56: 7 | G56: =J7*C56 -> 2 | J56: =F56+I56-G56-H56 -> 5 | K56: =J56/C56 -> 5
A57: Stud Bolt | B57: SUS304 | C57: 8 | D57: SCR 400A-600A | E57: M6×65L | F57: 318 | G57: =SUM(H2:H11)*C57 -> 0 | J57: =F57+I57-G57-H57 -> 318 | K57: =J57/C57 -> 39.75
A58: Stud Bolt | B58: SUS304 | C58: 8 | D58: SCR 650A-750A | E58: M8×70L | F58: 299 | G58: =SUM(H12:H14)*C58 -> 0 | J58: =F58+I58-G58-H58 -> 299 | K58: =J58/C58 -> 37.375
A59: Stud Bolt | B59: SUS304 | C59: 8 | D59: SCR 800A | E59: M10×75L | F59: 686 | G59: =H15*C59 -> 0 | J59: =F59+I59-G59-H59 -> 686 | K59: =J59/C59 -> 85.75
A60: Stud Bolt | B60: A4-80 | C60: 4 | D60: ICER 600A | E60: M12×110L | F60: 138 | G60: =J4*C60 -> 0 | J60: =F60+I60-G60-H60 -> 138 | K60: =J60/C60 -> 34.5
A61: Stud Bolt | B61: A4-80 | C61: 4 | D61: ICER 700A/800A공용 | E61: M16×120L | F61: 155 | G61: =SUM(J5:J6)*C61 -> 0 | J61: =F61+I61-G61-H61 -> 155 | K61: =J61/C61 -> 38.75
A62: Stud Bolt | B62: A4-80 | C62: 4 | D62: ICER 1000A | E62: M16×130L | F62: 165 | G62: =J7*C62 -> 8 | J62: =F62+I62-G62-H62 -> 157 | K62: =J62/C62 -> 39.25
A63: Bearing Seat | B63: C2604 | C63: 2 | D63: SCR 400A-600A | E63: 40×4L | F63: 122 | G63: =SUM(H2:H11)*C63 -> 0 | J63: =F63+I63-G63-H63 -> 122 | K63: =J63/C63 -> 61
A64: Bearing Seat | B64: C2604 | C64: 2 | D64: SCR 650A-750A | E64: 45×5L | F64: 37 | G64: =SUM(H12:H14)*C64 -> 0 | J64: =F64+I64-G64-H64 -> 37 | K64: =J64/C64 -> 18.5
A65: Bearing Seat | B65: C2604 | C65: 2 | D65: SCR 800A | E65: 50×5L | F65: 94 | G65: =H15*C65 -> 0 | J65: =F65+I65-G65-H65 -> 94 | K65: =J65/C65 -> 47
A66: Unit Bearing | B66: SUJ2 | C66: 2 | D66: SCR 400A-600A | E66: UCF206 | F66: 72 | G66: =SUM(H2:H11)*C66 -> 0 | J66: =F66+I66-G66-H66 -> 72 | K66: =J66/C66 -> 36
A67: Unit Bearing | B67: SUJ2 | C67: 2 | D67: SCR 650A-750A | E67: UCF207 | F67: 41 | G67: =SUM(H12:H14)*C67 -> 0 | J67: =F67+I67-G67-H67 -> 41 | K67: =J67/C67 -> 20.5
A68: Unit Bearing | B68: SUJ2 | C68: 2 | D68: SCR 800A | E68: UCF208 | F68: 32 | G68: =H15*C68 -> 0 | J68: =F68+I68-G68-H68 -> 32 | K68: =J68/C68 -> 16
A69: End Cover | B69: SUS316 | C69: 1 | D69: ICER 600A | E69: 120×18T | F69: 0 | G69: =J4*C69 -> 0 | J69: =F69+I69-G69-H69 -> 0 | K69: =J69/C69 -> 0
A70: End Cover | B70: SUS316 | C70: 1 | D70: ICER 700A | F70: 3 | G70: =J5*C70 -> 0 | J70: =F70+I70-G70-H70 -> 3 | K70: =J70/C70 -> 3
A71: End Cover | B71: SUS316 | C71: 1 | D71: ICER 800A | E71: 130×25T | F71: 10 | G71: =J6*C71 -> 0 | J71: =F71+I71-G71-H71 -> 10 | K71: =J71/C71 -> 10
A72: End Cover | B72: SUS316 | C72: 1 | D72: ICER 1000A | E72: 130×25T | F72: 6 | G72: =J7*C72 -> 2 | J72: =F72+I72-G72-H72 -> 4 | K72: =J72/C72 -> 4
A73: Shaft Rig | B73: CAC406 | C73: 1 | D73: ICER 600A | F73: 0 | G73: =J4*C73 -> 0 | J73: =F73+I73-G73-H73 -> 0 | K73: =J73/C73 -> 0
A74: Shaft Rig | B74: CAC406 | C74: 1 | D74: ICER 700A | F74: 0 | G74: =J5*C74 -> 0 | J74: =F74+I74-G74-H74 -> 0 | K74: =J74/C74 -> 0
A75: Shaft Rig | B75: CAC406 | C75: 1 | D75: ICER 800A | F75: 9 | G75: =J6*C75 -> 0 | J75: =F75+I75-G75-H75 -> 9 | K75: =J75/C75 -> 9
A76: Shaft Rig | B76: CAC406 | C76: 1 | D76: ICER 1000A | F76: 8 | G76: =J7*C76 -> 2 | J76: =F76+I76-G76-H76 -> 6 | K76: =J76/C76 -> 6
A77: Shaft Rig Holder | B77: SUS316 | C77: 1 | D77: ICER 600A | F77: 1 | G77: =J4*C77 -> 0 | J77: =F77+I77-G77-H77 -> 1 | K77: =J77/C77 -> 1
A78: Shaft Rig Holder | B78: SUS316 | C78: 1 | D78: ICER 700A | F78: 1 | G78: =J5*C78 -> 0 | J78: =F78+I78-G78-H78 -> 1 | K78: =J78/C78 -> 1
A79: Shaft Rig Holder | B79: SUS316 | C79: 1 | D79: ICER 800A | F79: 8 | G79: =J6*C79 -> 0 | J79: =F79+I79-G79-H79 -> 8 | K79: =J79/C79 -> 8
A80: Gasket | B80: GRAPHITE | C80: 1 | D80: ICER 600A | E80: 69.8×55×3T | F80: 35 | G80: =J4*C80 -> 0 | J80: =F80+I80-G80-H80 -> 35 | K80: =J80/C80 -> 35
A81: Gasket | B81: GRAPHITE | C81: 1 | D81: ICER 700A | E81: 74.8×60×3T | F81: 0 | G81: =J5*C81 -> 0 | J81: =F81+I81-G81-H81 -> 0 | K81: =J81/C81 -> 0
A82: Gasket | B82: GRAPHITE | C82: 1 | D82: ICER 800A | E82: 80×64.7×3T | F82: 44 | G82: =J6*C82 -> 0 | J82: =F82+I82-G82-H82 -> 44 | K82: =J82/C82 -> 44
A83: Gasket | B83: GRAPHITE | C83: 1 | D83: ICER 1000A | E83: 80×66×3.5T | F83: 37 | G83: =J7*C83 -> 2 | J83: =F83+I83-G83-H83 -> 35 | K83: =J83/C83 -> 35
A84: Trust plate | B84: INCONEL625 | C84: 1 | D84: ICER 600A | E84: 20×2T | F84: 41 | G84: =J4*C84 -> 0 | J84: =F84+I84-G84-H84 -> 41 | K84: =J84/C84 -> 41
A85: Trust plate | B85: INCONEL625 | C85: 1 | D85: ICER 700A | E85: 23×2T | F85: 1 | G85: =J5*C85 -> 0 | J85: =F85+I85-G85-H85 -> 1 | K85: =J85/C85 -> 1
A86: Trust plate | B86: INCONEL625 | C86: 1 | D86: ICER 800A | E86: 25×2T | F86: 36 | G86: =J6*C86 -> 0 | J86: =F86+I86-G86-H86 -> 36 | K86: =J86/C86 -> 36
A87: Trust plate | B87: INCONEL625 | C87: 1 | D87: ICER 1000A | E87: 25×2T | F87: 36 | G87: =J7*C87 -> 2 | J87: =F87+I87-G87-H87 -> 34 | K87: =J87/C87 -> 34
A88: Shaft | B88: SUS304 | C88: 1 | D88: SCR 400A/450A공용 | E88: TOP | F88: 1 | G88: =SUM(H4:H5)*C88 -> 0 | J88: =F88+I88-G88-H88 -> 1 | K88: =J88/C88 -> 1
A89: Shaft | B89: SUS304 | C89: 1 | D89: SCR 400A/450A공용 | E89: BOTTOM | F89: 3 | G89: =SUM(H4:H5)*C89 -> 0 | J89: =F89+I89-G89-H89 -> 3 | K89: =J89/C89 -> 3
A90: Shaft | B90: SUS304 | C90: 1 | D90: SCR N400A | E90: TOP | G90: =H2*C90 -> 0 | J90: =F90+I90-G90-H90 -> 0 | K90: =J90/C90 -> 0
A91: Shaft | B91: SUS304 | C91: 1 | D91: SCR N400A | E91: BOTTOM | G91: =H2*C91 -> 0 | J91: =F91+I91-G91-H91 -> 0 | K91: =J91/C91 -> 0
A92: Shaft | B92: SUS304 | C92: 1 | D92: SCR N450A | E92: TOP | F92: 4 | G92: =H5 -> 0 | J92: =F92+I92-G92-H92 -> 4 | K92: =J92/C92 -> 4
A93: Shaft | B93: SUS304 | C93: 1 | D93: SCR N450A | E93: BOTTOM | F93: 4 | G93: =H5 -> 0 | J93: =F93+I93-G93-H93 -> 4 | K93: =J93/C93 -> 4
A94: Shaft | B94: SUS304 | C94: 1 | D94: SCR 500A-600A | E94: TOP | F94: 44 | G94: =SUM(H10,H6) -> 0 | J94: =F94+I94-G94-H94 -> 44 | K94: =J94/C94 -> 44
A95: Shaft | B95: SUS304 | C95: 1 | D95: SCR 500A-600A | E95: BOTTOM | F95: 44 | G95: =SUM(H6,H10) -> 0 | J95: =F95+I95-G95-H95 -> 44 | K95: =J95/C95 -> 44
A96: Shaft | B96: SUS304 | C96: 1 | D96: SCR N500A | E96: TOP | F96: 26 | G96: =H7 -> 0 | J96: =F96+I96-G96-H96 -> 26 | K96: =J96/C96 -> 26
A97: Shaft | B97: SUS304 | C97: 1 | D97: SCR N500A | E97: BOTTOM | F97: 26 | G97: =H7 -> 0 | J97: =F97+I97-G97-H97 -> 26 | K97: =J97/C97 -> 26
A98: Shaft | B98: SUS304 | C98: 1 | D98: SCR 550A | E98: TOP | G98: =H8 -> 0 | J98: =F98+I98-G98-H98 -> 0 | K98: =J98/C98 -> 0
A99: Shaft | B99: SUS304 | C99: 1 | D99: SCR 550A | E99: BOTTOM | G99: =H8 -> 0 | J99: =F99+I99-G99-H99 -> 0 | K99: =J99/C99 -> 0
A100: Shaft | B100: SUS304 | C100: 1 | D100: SCR N550A/N600A공용 | E100: TOP | F100: 6 | G100: =SUM(H9,H11)*C100 -> 0 | J100: =F100+I100-G100-H100 -> 6 | K100: =J100/C100 -> 6
A101: Shaft | B101: SUS304 | C101: 1 | D101: SCR N550A/N600A공용 | E101: BOTTOM | F101: 6 | G101: =SUM(H9,H11)*C101 -> 0 | J101: =F101+I101-G101-H101 -> 6 | K101: =J101/C101 -> 6
...

Sheet 2026.9.7
H1: DAMPER 모델별 조립수량
H2: SCR-LP | I2: 금일조립수량 | J2: ICER | K2: 금일조립수량
H3: SCR N400A
H4: SCR N450
H5: SCR 400A | J5: ICER 600A
H6: SCR 450A | J6: ICER 700A
H7: SCR 500A | J7: ICER 800A
H8: SCR N500A | J8: ICER 1000A
B9: DAMPER 조립 자재 재고현황 | H9: SCR 550A
H10: SCR N550A
H11: SCR 600A
H12: SCR N600A
H13: SCR 650A
H14: SCR 700A
H15: SCR750A
H16: SCR 800A
H17: SCR 5K 400A(세)
H18: SCR 5K 600A(세)
H19: SCR 2200A
H20: SCR 2400A
A22: 제품명 | B22: 자재명 | C22: 재질 | D22: 수량/1대 | E22: 적용모델 | F22: 자재규격 | G22: 전일재고 | H22: 투입수량 | I22: 분실/파손 | J22: 입고수량 | K22: 현재재고 | L22: 조립가능대수 | M22: 알람
A23: DAMPER | B23: Key | C23: S45C | D23: 2 | E23: SCR 400A-750A | F23: 10×8×35L | G23: ='2026.9.4'!J18 -> 310 | H23: =SUM(I3:I15)*D23 -> 0 | K23: =G23+J23-H23-I23 -> 310 | L23: =K23/D23 -> 155 | M23: =IF(L23<=10,119,"")
A24: DAMPER | B24: Key | C24: S45C | D24: 2 | E24: SCR 800A | F24: 12×8×55L | G24: ='2026.9.4'!J19 -> 240 | H24: =I16*D24 -> 0 | K24: =G24+J24-H24-I24 -> 240 | L24: =K24/D24 -> 120 | M24: =IF(L24<=10,119,"")
A25: DAMPER | B25: Key | C25: S45C | D25: 2 | E25: SCR 5K 400A(세) | F25: 10×8×35L | G25: 17 | H25: =I17*D25 -> 0 | K25: =G25+J25-H25-I25 -> 17 | L25: =K25/D25 -> 8.5 | M25: =IF(L25<=10,119,"") -> 119
A26: DAMPER | B26: Key | C26: S45C | D26: 2 | E26: SCR 5K 600A(세) | G26: 17 | H26: =I18*D26 -> 0 | K26: =G26+J26-H26-I26 -> 17 | L26: =K26/D26 -> 8.5 | M26: =IF(L26<=10,119,"") -> 119
A27: DAMPER | B27: Key | C27: S45C | D27: 2 | E27: SCR 2200A/2400A공용 | G27: 6 | H27: =SUM(I19:I20)*D27 -> 0 | K27: =G27+J27-H27-I27 -> 6 | L27: =K27/D27 -> 3 | M27: =IF(L27<=10,119,"") -> 119
A28: DAMPER | B28: Key | C28: SUS304 | D28: 2 | E28: ICER 600A | F28: 10×8×45L | G28: ='2026.9.4'!J20 -> 76 | H28: =K5*D28 -> 0 | K28: =G28+J28-H28-I28 -> 76 | L28: =K28/D28 -> 38 | M28: =IF(L28<=10,119,"")
A29: DAMPER | B29: Key | C29: SUS304 | D29: 2 | E29: ICER 700A | F29: 12×8×58L | G29: ='2026.9.4'!J21 -> 2 | H29: =K6*D29 -> 0 | K29: =G29+J29-H29-I29 -> 2 | L29: =K29/D29 -> 1 | M29: =IF(L29<=10,119,"") -> 119
A30: DAMPER | B30: Key | C30: SUS304 | D30: 2 | E30: ICER 800A | F30: 14×9×60L | G30: ='2026.9.4'!J22 -> 73 | H30: =K7*D30 -> 0 | K30: =G30+J30-H30-I30 -> 73 | L30: =K30/D30 -> 36.5 | M30: =IF(L30<=10,119,"")
A31: DAMPER | B31: Key | C31: SUS304 | D31: 2 | E31: ICER 1000A | F31: 14×9×50L | G31: ='2026.9.4'!J23 -> 74 | H31: =K8*D31 -> 0 | K31: =G31+J31-H31-I31 -> 74 | L31: =K31/D31 -> 37 | M31: =IF(L31<=10,119,"")
A32: DAMPER | B32: Key(Adapter) | C32: S45C | D32: 2 | E32: SCR 2200A/2400A공용 | G32: 8 | H32: =SUM(I19:I20)*D32 -> 0 | K32: =G32+J32-H32-I32 -> 8 | L32: =K32/D32 -> 4 | M32: =IF(L32<=10,119,"") -> 119
A33: DAMPER | B33: Dust Seal | C33: GRAPHITE | D33: 4 | E33: SCR 400A-600A | F33: 45×35×5L | G33: ='2026.9.4'!J24 -> 304 | H33: =SUM(I3:I12)*D33 -> 0 | K33: =G33+J33-H33-I33 -> 304 | L33: =K33/D33 -> 76 | M33: =IF(L33<=10,119,"")
A34: DAMPER | B34: Dust Seal | C34: GRAPHITE | D34: 4 | E34: SCR 650A-750A | F34: 50×40×5L | G34: ='2026.9.4'!J25 -> 150 | H34: =SUM(I13:I15)*D34 -> 0 | K34: =G34+J34-H34-I34 -> 150 | L34: =K34/D34 -> 37.5 | M34: =IF(L34<=10,119,"")
A35: DAMPER | B35: Dust Seal | C35: GRAPHITE | D35: 4 | E35: SCR 800A | F35: 60×45×7.5L | G35: ='2026.9.4'!J26 -> 262 | H35: =I16*D35 -> 0 | K35: =G35+J35-H35-I35 -> 262 | L35: =K35/D35 -> 65.5 | M35: =IF(L35<=10,119,"")
A36: DAMPER | B36: Dust Seal | C36: GRAPHITE | D36: 4 | E36: SCR 5K 400A(세) | G36: 6 | H36: =I17*D36 -> 0 | K36: =G36+J36-H36-I36 -> 6 | L36: =K36/D36 -> 1.5 | M36: =IF(L36<=10,119,"") -> 119
A37: DAMPER | B37: Dust Seal | C37: GRAPHITE | D37: 4 | E37: SCR 5K 600A(세) | G37: 6 | H37: =I18*D37 -> 0 | K37: =G37+J37-H37-I37 -> 6 | L37: =K37/D37 -> 1.5 | M37: =IF(L37<=10,119,"") -> 119
A38: DAMPER | B38: Dust Seal | C38: GRAPHITE | D38: 2 | E38: SCR 2200A | G38: 2 | H38: =I19*D38 -> 0 | K38: =G38+J38-H38-I38 -> 2 | L38: =K38/D38 -> 1 | M38: =IF(L38<=10,119,"") -> 119
A39: DAMPER | B39: Dust Seal | C39: GRAPHITE | D39: 2 | E39: SCR 2400A | G39: 4 | H39: =I20*D39 -> 0 | K39: =G39+J39-H39-I39 -> 4 | L39: =K39/D39 -> 2 | M39: =IF(L39<=10,119,"") -> 119
A40: DAMPER | B40: Dust Seal | C40: GRAPHITE | D40: 4 | E40: ICER 600A | F40: 50×40×5L | G40: ='2026.9.4'!J27 -> 206 | H40: =K5*D40 -> 0 | K40: =G40+J40-H40-I40 -> 206 | L40: =K40/D40 -> 51.5 | M40: =IF(L40<=10,119,"")
A41: DAMPER | B41: Dust Seal | C41: GRAPHITE | D41: 4 | E41: ICER 700A | F41: 55×45×5L | G41: ='2026.9.4'!J28 -> 0 | H41: =K6*D41 -> 0 | K41: =G41+J41-H41-I41 -> 0 | L41: =K41/D41 -> 0 | M41: =IF(L41<=10,119,"") -> 119
A42: DAMPER | B42: Dust Seal | C42: GRAPHITE | D42: 4 | E42: ICER 800A/1000A공용 | F42: 60×50×5L | G42: ='2026.9.4'!J29 -> 320 | H42: =SUM(K7:K8)*D42 -> 0 | K42: =G42+J42-H42-I42 -> 320 | L42: =K42/D42 -> 80 | M42: =IF(L42<=10,119,"")
A43: DAMPER | B43: Packing Ring | C43: GRAPHITE | D43: 8 | E43: SCR 400A-600A | F43: 45×35×5L | G43: ='2026.9.4'!J30 -> 612 | H43: =SUM(I3:I12)*D43 -> 0 | K43: =G43+J43-H43-I43 -> 612 | L43: =K43/D43 -> 76.5 | M43: =IF(L43<=10,119,"")
A44: DAMPER | B44: Packing Ring | C44: GRAPHITE | D44: 8 | E44: SCR 650A-750A | F44: 50×40×5L | G44: ='2026.9.4'!J31 -> 246 | H44: =SUM(I13:I15)*D44 -> 0 | K44: =G44+J44-H44-I44 -> 246 | L44: =K44/D44 -> 30.75 | M44: =IF(L44<=10,119,"")
A45: DAMPER | B45: Packing Ring | C45: GRAPHITE | D45: 8 | E45: SCR 800A | F45: 60×45×7.5L | G45: ='2026.9.4'!J32 -> 530 | H45: =I16*D45 -> 0 | K45: =G45+J45-H45-I45 -> 530 | L45: =K45/D45 -> 66.25 | M45: =IF(L45<=10,119,"")
A46: DAMPER | B46: Packing Ring | C46: GRAPHITE | D46: 5 | E46: SCR 5K 400A(세) | G46: 10 | H46: =SUM(I17)*D46 -> 0 | K46: =G46+J46-H46-I46 -> 10 | L46: =K46/D46 -> 2 | M46: =IF(L46<=10,119,"") -> 119
A47: DAMPER | B47: Packing Ring | C47: GRAPHITE | D47: 5 | E47: SCR 5K 600A(세) | G47: 10 | H47: =SUM(I18)*D47 -> 0 | K47: =G47+J47-H47-I47 -> 10 | L47: =K47/D47 -> 2 | M47: =IF(L47<=10,119,"") -> 119
A48: DAMPER | B48: Packing Ring | C48: GRAPHITE | D48: 8 | E48: SCR 2200A | G48: 8 | H48: =SUM(I19)*D48 -> 0 | K48: =G48+J48-H48-I48 -> 8 | L48: =K48/D48 -> 1 | M48: =IF(L48<=10,119,"") -> 119
A49: DAMPER | B49: Packing Ring | C49: GRAPHITE | D49: 8 | E49: SCR 2400A | G49: 16 | H49: =SUM(I20)*D49 -> 0 | K49: =G49+J49-H49-I49 -> 16 | L49: =K49/D49 -> 2 | M49: =IF(L49<=10,119,"") -> 119
A50: DAMPER | B50: Packing Ring | C50: GRAPHITE | D50: 5 | E50: ICER 600A | F50: 55×40×7.5 | G50: ='2026.9.4'!J33 -> 180 | H50: =K5*D50 -> 0 | K50: =G50+J50-H50-I50 -> 180 | L50: =K50/D50 -> 36 | M50: =IF(L50<=10,119,"")
A51: DAMPER | B51: Packing Ring | C51: GRAPHITE | D51: 5 | E51: ICER 700A | F51: 60×45×7.5 | G51: ='2026.9.4'!J34 -> 5 | H51: =K6*D51 -> 0 | K51: =G51+J51-H51-I51 -> 5 | L51: =K51/D51 -> 1 | M51: =IF(L51<=10,119,"") -> 119
A52: DAMPER | B52: Packing Ring | C52: GRAPHITE | D52: 5 | E52: ICER 800A/1000A공용 | F52: 65×50×7.5 | G52: ='2026.9.4'!J35 -> 370 | H52: =K8*D52 -> 0 | K52: =G52+J52-H52-I52 -> 370 | L52: =K52/D52 -> 74 | M52: =IF(L52<=10,119,"")
A53: DAMPER | B53: Space Ring | C53: EY306 | D53: 2 | E53: SCR 400A-600A | F53: 45×35×20L | G53: ='2026.9.4'!J36 -> 79 | H53: =SUM(I3:I12)*D53 -> 0 | K53: =G53+J53-H53-I53 -> 79 | L53: =K53/D53 -> 39.5 | M53: =IF(L53<=10,119,"")
A54: DAMPER | B54: Space Ring | C54: EY306 | D54: 2 | E54: SCR 650A-750A | F54: 50×40×50L | G54: ='2026.9.4'!J37 -> 116 | H54: =SUM(I13:I15)*D54 -> 0 | K54: =G54+J54-H54-I54 -> 116 | L54: =K54/D54 -> 58 | M54: =IF(L54<=10,119,"")
A55: DAMPER | B55: Space Ring | C55: EY306 | D55: 2 | E55: SCR 800A | F55: 60×45×50L | G55: ='2026.9.4'!J38 -> 70 | H55: =I16*D55 -> 0 | K55: =G55+J55-H55-I55 -> 70 | L55: =K55/D55 -> 35 | M55: =IF(L55<=10,119,"")
A56: DAMPER | B56: Space Ring | C56: EY306 | D56: 2 | E56: SCR 5K 400A(세) | G56: 0 | H56: =I17*D56 -> 0 | K56: =G56+J56-H56-I56 -> 0 | L56: =K56/D56 -> 0 | M56: =IF(L56<=10,119,"") -> 119
A57: DAMPER | B57: Space Ring | C57: EY306 | D57: 2 | E57: SCR 5K 600A(세) | G57: 0 | H57: =I18*D57 -> 0 | K57: =G57+J57-H57-I57 -> 0 | L57: =K57/D57 -> 0 | M57: =IF(L57<=10,119,"") -> 119
A58: DAMPER | B58: Space Ring | C58: EY306 | D58: 2 | E58: SCR 2200A | G58: 2 | H58: =I19*D58 -> 0 | K58: =G58+J58-H58-I58 -> 2 | L58: =K58/D58 -> 1 | M58: =IF(L58<=10,119,"") -> 119
A59: DAMPER | B59: Space Ring | C59: EY306 | D59: 2 | E59: SCR 2400A | G59: 4 | H59: =I20*D59 -> 0 | K59: =G59+J59-H59-I59 -> 4 | L59: =K59/D59 -> 2 | M59: =IF(L59<=10,119,"") -> 119
A60: DAMPER | B60: Space Ring | C60: EY306 | D60: 2 | E60: ICER 600A | F60: 49.95×40.4×77L | G60: ='2026.9.4'!J39 -> 68 | H60: =K5*D60 -> 0 | K60: =G60+J60-H60-I60 -> 68 | L60: =K60/D60 -> 34 | M60: =IF(L60<=10,119,"")
A61: DAMPER | B61: Space Ring | C61: EY306 | D61: 2 | E61: ICER 700A | F61: 54.95×45.4×70L | G61: ='2026.9.4'!J40 -> 0 | H61: =K6*D61 -> 0 | K61: =G61+J61-H61-I61 -> 0 | L61: =K61/D61 -> 0 | M61: =IF(L61<=10,119,"") -> 119
A62: DAMPER | B62: Space Ring | C62: EY306 | D62: 2 | E62: ICER 800A | F62: 59.95×50.4×77L | G62: ='2026.9.4'!J41 -> 88 | H62: =K7*D62 -> 0 | K62: =G62+J62-H62-I62 -> 88 | L62: =K62/D62 -> 44 | M62: =IF(L62<=10,119,"")
A63: DAMPER | B63: Space Ring | C63: EY306 | D63: 2 | E63: ICER 1000A | F63: 60×50×59L | G63: ='2026.9.4'!J42 -> 77 | H63: =K8*D63 -> 0 | K63: =G63+J63-H63-I63 -> 77 | L63: =K63/D63 -> 38.5 | M63: =IF(L63<=10,119,"")
A64: DAMPER | B64: Gland Flange | C64: SUS304 | D64: 2 | E64: SCR 400A-600A | F64: 75×10T | G64: ='2026.9.4'!J43 -> 36 | H64: =SUM(I3:I12)*D64 -> 0 | K64: =G64+J64-H64-I64 -> 36 | L64: =K64/D64 -> 18 | M64: =IF(L64<=10,119,"")
A65: DAMPER | B65: Gland Flange | C65: SUS304 | D65: 2 | E65: SCR 650A-750A | F65: 80×10T | G65: ='2026.9.4'!J44 -> 177 | H65: =SUM(I13:I15)*D65 -> 0 | K65: =G65+J65-H65-I65 -> 177 | L65: =K65/D65 -> 88.5 | M65: =IF(L65<=10,119,"")
A66: DAMPER | B66: Gland Flange | C66: SUS304 | D66: 2 | E66: SCR 800A | F66: 140×15T | G66: ='2026.9.4'!J45 -> 65 | H66: =I16*D66 -> 0 | K66: =G66+J66-H66-I66 -> 65 | L66: =K66/D66 -> 32.5 | M66: =IF(L66<=10,119,"")
A67: DAMPER | B67: Gland Flange | C67: SUS304 | D67: 1 | E67: SCR 5K 400A(세) | G67: 0 | H67: =I17*D67 -> 0 | K67: =G67+J67-H67-I67 -> 0 | L67: =K67/D67 -> 0 | M67: =IF(L67<=10,119,"") -> 119
A68: DAMPER | B68: Gland Flange | C68: SUS304 | D68: 1 | E68: SCR 5K 600A(세) | G68: 0 | H68: =I18*D68 -> 0 | K68: =G68+J68-H68-I68 -> 0 | L68: =K68/D68 -> 0 | M68: =IF(L68<=10,119,"") -> 119
A69: DAMPER | B69: Gland Flange | C69: SUS304 | D69: 2 | E69: SCR 2200A | G69: 2 | H69: =I19*D69 -> 0 | K69: =G69+J69-H69-I69 -> 2 | L69: =K69/D69 -> 1 | M69: =IF(L69<=10,119,"") -> 119
A70: DAMPER | B70: Gland Flange | C70: SUS304 | D70: 2 | E70: SCR 2400A | G70: 4 | H70: =I20*D70 -> 0 | K70: =G70+J70-H70-I70 -> 4 | L70: =K70/D70 -> 2 | M70: =IF(L70<=10,119,"") -> 119
A71: DAMPER | B71: Gland Flange | C71: SUS316 | D71: 1 | E71: ICER 600A | F71: 120×18T | G71: ='2026.9.4'!J46 -> 0 | H71: =K5*D71 -> 0 | K71: =G71+J71-H71-I71 -> 0 | L71: =K71/D71 -> 0 | M71: =IF(L71<=10,119,"") -> 119
A72: DAMPER | B72: Gland Flange | C72: SUS316 | D72: 1 | E72: ICER 700A | G72: ='2026.9.4'!J47 -> 3 | H72: =K6*D72 -> 0 | K72: =G72+J72-H72-I72 -> 3 | L72: =K72/D72 -> 3 | M72: =IF(L72<=10,119,"") -> 119
A73: DAMPER | B73: Gland Flange | C73: SUS316 | D73: 1 | E73: ICER 800A | F73: 130×18T | G73: ='2026.9.4'!J48 -> 8 | H73: =K7*D73 -> 0 | K73: =G73+J73-H73-I73 -> 8 | L73: =K73/D73 -> 8 | M73: =IF(L73<=10,119,"") -> 119
A74: DAMPER | B74: Gland Flange | C74: SUS316 | D74: 1 | E74: ICER 1000A | F74: 130×18T | G74: ='2026.9.4'!J49 -> 5 | H74: =K8*D74 -> 0 | K74: =G74+J74-H74-I74 -> 5 | L74: =K74/D74 -> 5 | M74: =IF(L74<=10,119,"") -> 119
A75: DAMPER | B75: Packing Bush | C75: SUS304 | D75: 2 | E75: SCR 400A-600A | F75: 45×36×17L | G75: ='2026.9.4'!J50 -> 116 | H75: =SUM(I3:I12)*D75 -> 0 | K75: =G75+J75-H75-I75 -> 116 | L75: =K75/D75 -> 58 | M75: =IF(L75<=10,119,"")
A76: DAMPER | B76: Packing Bush | C76: SUS304 | D76: 2 | E76: SCR 650A-750A | F76: 50×41×25L | G76: ='2026.9.4'!J51 -> 62 | H76: =SUM(I13:I15)*D76 -> 0 | K76: =G76+J76-H76-I76 -> 62 | L76: =K76/D76 -> 31 | M76: =IF(L76<=10,119,"")
A77: DAMPER | B77: Packing Bush | C77: SUS304 | D77: 2 | E77: SCR 800A | F77: 60×46×35L | G77: ='2026.9.4'!J52 -> 93 | H77: =I16*D77 -> 0 | K77: =G77+J77-H77-I77 -> 93 | L77: =K77/D77 -> 46.5 | M77: =IF(L77<=10,119,"")
A78: DAMPER | B78: Packing Bush | C78: SUS304 | D78: 1 | E78: SCR 5K 400A(세) | G78: 0 | H78: =I17*D78 -> 0 | K78: =G78+J78-H78-I78 -> 0 | L78: =K78/D78 -> 0 | M78: =IF(L78<=10,119,"") -> 119
A79: DAMPER | B79: Packing Bush | C79: SUS304 | D79: 1 | E79: SCR 5K 600A(세) | G79: 0 | H79: =I18*D79 -> 0 | K79: =G79+J79-H79-I79 -> 0 | L79: =K79/D79 -> 0 | M79: =IF(L79<=10,119,"") -> 119
A80: DAMPER | B80: Packing Bush | C80: SUS304 | D80: 2 | E80: SCR 2200A | G80: 2 | H80: =I19*D80 -> 0 | K80: =G80+J80-H80-I80 -> 2 | L80: =K80/D80 -> 1 | M80: =IF(L80<=10,119,"") -> 119
A81: DAMPER | B81: Packing Bush | C81: SUS304 | D81: 2 | E81: SCR 2400A | G81: 4 | H81: =I20*D81 -> 0 | K81: =G81+J81-H81-I81 -> 4 | L81: =K81/D81 -> 2 | M81: =IF(L81<=10,119,"") -> 119
A82: DAMPER | B82: Packing Bush | C82: SUS316 | D82: 1 | E82: ICER 600A | G82: ='2026.9.4'!J53 -> 1 | H82: =K5*D82 -> 0 | K82: =G82+J82-H82-I82 -> 1 | L82: =K82/D82 -> 1 | M82: =IF(L82<=10,119,"") -> 119
A83: DAMPER | B83: Packing Bush | C83: SUS316 | D83: 1 | E83: ICER 700A | G83: ='2026.9.4'!J54 -> 0 | H83: =K6*D83 -> 0 | K83: =G83+J83-H83-I83 -> 0 | L83: =K83/D83 -> 0 | M83: =IF(L83<=10,119,"") -> 119
A84: DAMPER | B84: Packing Bush | C84: SUS316 | D84: 1 | E84: ICER 800A | G84: ='2026.9.4'!J55 -> 9 | H84: =K7*D84 -> 0 | K84: =G84+J84-H84-I84 -> 9 | L84: =K84/D84 -> 9 | M84: =IF(L84<=10,119,"") -> 119
A85: DAMPER | B85: Packing Bush | C85: SUS316 | D85: 1 | E85: ICER 1000A | F85: 65×51×45L | G85: ='2026.9.4'!J56 -> 5 | H85: =K8*D85 -> 0 | K85: =G85+J85-H85-I85 -> 5 | L85: =K85/D85 -> 5 | M85: =IF(L85<=10,119,"") -> 119
A86: DAMPER | B86: Stud Bolt | C86: SUS304 | D86: 8 | E86: SCR 400A-600A | F86: M6×65L | G86: ='2026.9.4'!J57 -> 318 | H86: =SUM(I3:I12)*D86 -> 0 | K86: =G86+J86-H86-I86 -> 318 | L86: =K86/D86 -> 39.75 | M86: =IF(L86<=10,119,"")
A87: DAMPER | B87: Stud Bolt | C87: SUS304 | D87: 8 | E87: SCR 650A-750A | F87: M8×70L | G87: ='2026.9.4'!J58 -> 299 | H87: =SUM(I13:I15)*D87 -> 0 | K87: =G87+J87-H87-I87 -> 299 | L87: =K87/D87 -> 37.375 | M87: =IF(L87<=10,119,"")
A88: DAMPER | B88: Stud Bolt | C88: SUS304 | D88: 8 | E88: SCR 800A | F88: M10×75L | G88: ='2026.9.4'!J59 -> 686 | H88: =I16*D88 -> 0 | K88: =G88+J88-H88-I88 -> 686 | L88: =K88/D88 -> 85.75 | M88: =IF(L88<=10,119,"")
A89: DAMPER | B89: Stud Bolt | C89: SUS304 | D89: 4 | E89: SCR 5K 400A-600A(세)공용 | G89: 2 | H89: =SUM(I17:I18)*D89 -> 0 | K89: =G89+J89-H89-I89 -> 2 | L89: =K89/D89 -> 0.5 | M89: =IF(L89<=10,119,"") -> 119
A90: DAMPER | B90: Stud Bolt | C90: SUS304 | D90: 8 | E90: SCR 2200A/2400A공용 | G90: 31 | H90: =SUM(I19:I20)*D90 -> 0 | K90: =G90+J90-H90-I90 -> 31 | L90: =K90/D90 -> 3.875 | M90: =IF(L90<=10,119,"") -> 119
A91: DAMPER | B91: Stud Bolt | C91: A4-80 | D91: 4 | E91: ICER 600A | F91: M12×110L | G91: ='2026.9.4'!J60 -> 138 | H91: =K5*D91 -> 0 | K91: =G91+J91-H91-I91 -> 138 | L91: =K91/D91 -> 34.5 | M91: =IF(L91<=10,119,"")
A92: DAMPER | B92: Stud Bolt | C92: A4-80 | D92: 4 | E92: ICER 700A/800A공용 | F92: M16×120L | G92: ='2026.9.4'!J61 -> 155 | H92: =SUM(K6:K7)*D92 -> 0 | K92: =G92+J92-H92-I92 -> 155 | L92: =K92/D92 -> 38.75 | M92: =IF(L92<=10,119,"")
A93: DAMPER | B93: Stud Bolt | C93: A4-80 | D93: 4 | E93: ICER 1000A | F93: M16×130L | G93: ='2026.9.4'!J62 -> 157 | H93: =K8*D93 -> 0 | K93: =G93+J93-H93-I93 -> 157 | L93: =K93/D93 -> 39.25 | M93: =IF(L93<=10,119,"")
A94: DAMPER | B94: Bearing Seat | C94: C2604 | D94: 2 | E94: SCR 400A-600A | F94: 40×4L | G94: ='2026.9.4'!J63 -> 122 | H94: =SUM(I3:I12)*D94 -> 0 | K94: =G94+J94-H94-I94 -> 122 | L94: =K94/D94 -> 61 | M94: =IF(L94<=10,119,"")
A95: DAMPER | B95: Bearing Seat | C95: C2604 | D95: 2 | E95: SCR 650A-750A | F95: 45×5L | G95: ='2026.9.4'!J64 -> 37 | H95: =SUM(I13:I15)*D95 -> 0 | K95: =G95+J95-H95-I95 -> 37 | L95: =K95/D95 -> 18.5 | M95: =IF(L95<=10,119,"")
A96: DAMPER | B96: Bearing Seat | C96: C2604 | D96: 2 | E96: SCR 800A | F96: 50×5L | G96: ='2026.9.4'!J65 -> 94 | H96: =I16*D96 -> 0 | K96: =G96+J96-H96-I96 -> 94 | L96: =K96/D96 -> 47 | M96: =IF(L96<=10,119,"")
A97: DAMPER | B97: Bearing Seat | C97: C2604 | D97: 2 | E97: SCR 2200A | G97: 2 | H97: =I19*D97 -> 0 | K97: =G97+J97-H97-I97 -> 2 | L97: =K97/D97 -> 1 | M97: =IF(L97<=10,119,"") -> 119
A98: DAMPER | B98: Bearing Seat | C98: C2604 | D98: 2 | E98: SCR 2400A | G98: 4 | H98: =I20*D98 -> 0 | K98: =G98+J98-H98-I98 -> 4 | L98: =K98/D98 -> 2 | M98: =IF(L98<=10,119,"") -> 119
A99: DAMPER | B99: Unit Bearing | C99: SUJ2 | D99: 2 | E99: SCR 400A-600A | F99: UCF206 | G99: ='2026.9.4'!J66 -> 72 | H99: =SUM(I3:I12)*D99 -> 0 | K99: =G99+J99-H99-I99 -> 72 | L99: =K99/D99 -> 36 | M99: =IF(L99<=10,119,"")
A100: DAMPER | B100: Unit Bearing | C100: SUJ2 | D100: 2 | E100: SCR 650A-750A | F100: UCF207 | G100: ='2026.9.4'!J67 -> 41 | H100: =SUM(I13:I15)*D100 -> 0 | K100: =G100+J100-H100-I100 -> 41 | L100: =K100/D100 -> 20.5 | M100: =IF(L100<=10,119,"")
A101: DAMPER | B101: Unit Bearing | C101: SUJ2 | D101: 2 | E101: SCR 800A | F101: UCF208 | G101: ='2026.9.4'!J68 -> 32 | H101: =I16*D101 -> 0 | K101: =G101+J101-H101-I101 -> 32 | L101: =K101/D101 -> 16 | M101: =IF(L101<=10,119,"")
...

Sheet 2026.9.8
H1: DAMPER 모델별 조립수량
H2: SCR-LP | I2: 금일조립수량 | J2: ICER | K2: 금일조립수량 | L2: SCR-LP | M2: 누계 | N2: ICER | O2: 누계
H3: SCR N400A | L3: SCR N400A
H4: SCR N450 | L4: SCR N450
H5: SCR 400A | J5: ICER 600A | L5: SCR 400A | N5: ICER 600A
H6: SCR 450A | J6: ICER 700A | L6: SCR 450A | N6: ICER 700A
H7: SCR 500A | J7: ICER 800A | L7: SCR 500A | N7: ICER 800A
H8: SCR N500A | J8: ICER 1000A | L8: SCR N500A | N8: ICER 1000A | O8: 1
H9: SCR 5K N500A | L9: SCR 5K N500A
B10: DAMPER 조립 자재 재고현황 | H10: SCR 550A | L10: SCR 550A
H11: SCR N550A | L11: SCR N550A
H12: SCR 5K N550A | L12: SCR 5K N550A
H13: SCR 600A | L13: SCR 600A
H14: SCR N600A | L14: SCR N600A
H15: SCR 5K N600A | L15: SCR 5K N600A
H16: SCR 650A | L16: SCR 650A
H17: SCR 5K 650A | L17: SCR 5K 650A
H18: SCR 700A | L18: SCR 700A
H19: SCR 750A | L19: SCR 750A
H20: SCR 800A | L20: SCR 800A
H21: SCR 5K 400A(세) | L21: SCR 5K 400A(세)
H22: SCR 5K 600A(세) | L22: SCR 5K 600A(세)
H23: SCR 2200A | I23: 1 | L23: SCR 2200A | M23: 1
H24: SCR 2400A | L24: SCR 2400A
A26: 제품명 | B26: 자재명 | C26: 재질 | D26: 수량/1대 | E26: 적용모델 | F26: 자재규격 | G26: 전일재고 | H26: 투입수량 | I26: 분실/파손 | J26: 입고수량 | K26: 현재재고 | L26: 조립가능대수 | M26: 안전재고알람
A27: DAMPER | B27: Key | C27: S45C | D27: 2 | E27: SCR 400A-750A | F27: 10×8×35L | G27: ='2026.9.7'!K23 -> 310 | H27: =SUM(I3:I19)*D27 -> 0 | K27: =G27+J27-H27-I27 -> 310 | L27: =K27/D27 -> 155 | M27: =IF(L27<=10,119,"")
A28: DAMPER | B28: Key | C28: S45C | D28: 2 | E28: SCR 800A | F28: 12×8×55L | G28: ='2026.9.7'!K24 -> 240 | H28: =I20*D28 -> 0 | K28: =G28+J28-H28-I28 -> 240 | L28: =K28/D28 -> 120 | M28: =IF(L28<=10,119,"")
A29: DAMPER | B29: Key | C29: S45C | D29: 2 | E29: SCR 5K 400A(세) | F29: 10×8×35L | G29: ='2026.9.7'!K25 -> 17 | H29: =I21*D29 -> 0 | K29: =G29+J29-H29-I29 -> 17 | L29: =K29/D29 -> 8.5 | M29: =IF(L29<=10,119,"") -> 119
A30: DAMPER | B30: Key | C30: S45C | D30: 2 | E30: SCR 5K 600A(세) | F30: 14×9×55L | G30: ='2026.9.7'!K26 -> 17 | H30: =I22*D30 -> 0 | K30: =G30+J30-H30-I30 -> 17 | L30: =K30/D30 -> 8.5 | M30: =IF(L30<=10,119,"") -> 119
A31: DAMPER | B31: Key | C31: S45C | D31: 2 | E31: SCR 2200A/2400A공용 | F31: 25×14×80L | G31: ='2026.9.7'!K27 -> 6 | H31: =SUM(I23:I24)*D31 -> 2 | K31: =G31+J31-H31-I31 -> 4 | L31: =K31/D31 -> 2 | M31: =IF(L31<=10,119,"") -> 119
A32: DAMPER | B32: Key | C32: SUS304 | D32: 2 | E32: ICER 600A | F32: 10×8×45L | G32: ='2026.9.7'!K28 -> 76 | H32: =K5*D32 -> 0 | K32: =G32+J32-H32-I32 -> 76 | L32: =K32/D32 -> 38 | M32: =IF(L32<=10,119,"")
A33: DAMPER | B33: Key | C33: SUS304 | D33: 2 | E33: ICER 700A | F33: 12×8×58L | G33: ='2026.9.7'!K29 -> 2 | H33: =K6*D33 -> 0 | K33: =G33+J33-H33-I33 -> 2 | L33: =K33/D33 -> 1 | M33: =IF(L33<=10,119,"") -> 119
A34: DAMPER | B34: Key | C34: SUS304 | D34: 2 | E34: ICER 800A | F34: 14×9×60L | G34: ='2026.9.7'!K30 -> 73 | H34: =K7*D34 -> 0 | K34: =G34+J34-H34-I34 -> 73 | L34: =K34/D34 -> 36.5 | M34: =IF(L34<=10,119,"")
A35: DAMPER | B35: Key | C35: SUS304 | D35: 2 | E35: ICER 1000A | F35: 14×9×50L | G35: ='2026.9.7'!K31 -> 74 | H35: =K8*D35 -> 0 | K35: =G35+J35-H35-I35 -> 74 | L35: =K35/D35 -> 37 | M35: =IF(L35<=10,119,"")
A36: DAMPER | B36: Key(Adapter) | C36: S45C | D36: 2 | E36: SCR 2200A/2400A공용 | F36: 150×28×16T | G36: ='2026.9.7'!K32 -> 8 | H36: =SUM(I23:I24)*D36 -> 2 | K36: =G36+J36-H36-I36 -> 6 | L36: =K36/D36 -> 3 | M36: =IF(L36<=10,119,"") -> 119
A37: DAMPER | B37: Dust Seal | C37: GRAPHITE | D37: 4 | E37: SCR 400A-600A | F37: 45×35×5L | G37: ='2026.9.7'!K33 -> 304 | H37: =SUM(I3:I14)*D37 -> 0 | K37: =G37+J37-H37-I37 -> 304 | L37: =K37/D37 -> 76 | M37: =IF(L37<=10,119,"")
A38: DAMPER | B38: Dust Seal | C38: GRAPHITE | D38: 4 | E38: SCR 650A-750A | F38: 50×40×5L | G38: ='2026.9.7'!K34 -> 150 | H38: =SUM(I16:I19)*D38 -> 0 | K38: =G38+J38-H38-I38 -> 150 | L38: =K38/D38 -> 37.5 | M38: =IF(L38<=10,119,"")
A39: DAMPER | B39: Dust Seal | C39: GRAPHITE | D39: 4 | E39: SCR 800A | F39: 60×45×7.5L | G39: ='2026.9.7'!K35 -> 262 | H39: =I20*D39 -> 0 | K39: =G39+J39-H39-I39 -> 262 | L39: =K39/D39 -> 65.5 | M39: =IF(L39<=10,119,"")
A40: DAMPER | B40: Dust Seal | C40: GRAPHITE | D40: 4 | E40: SCR 5K 400A(세) | F40: 40×30×5T | G40: ='2026.9.7'!K36 -> 6 | H40: =I21*D40 -> 0 | K40: =G40+J40-H40-I40 -> 6 | L40: =K40/D40 -> 1.5 | M40: =IF(L40<=10,119,"") -> 119
A41: DAMPER | B41: Dust Seal | C41: GRAPHITE | D41: 4 | E41: SCR 5K 600A(세) | F41: 60×50×5T | G41: ='2026.9.7'!K37 -> 6 | H41: =I22*D41 -> 0 | K41: =G41+J41-H41-I41 -> 6 | L41: =K41/D41 -> 1.5 | M41: =IF(L41<=10,119,"") -> 119
A42: DAMPER | B42: Dust Seal | C42: GRAPHITE | D42: 2 | E42: SCR 2200A | F42: 110×90×10T | G42: ='2026.9.7'!K38 -> 2 | H42: =I23*D42 -> 2 | K42: =G42+J42-H42-I42 -> 0 | L42: =K42/D42 -> 0 | M42: =IF(L42<=10,119,"") -> 119
A43: DAMPER | B43: Dust Seal | C43: GRAPHITE | D43: 2 | E43: SCR 2400A | F43: 120×100×10T | G43: ='2026.9.7'!K39 -> 4 | H43: =I24*D43 -> 0 | K43: =G43+J43-H43-I43 -> 4 | L43: =K43/D43 -> 2 | M43: =IF(L43<=10,119,"") -> 119
A44: DAMPER | B44: Dust Seal | C44: GRAPHITE | D44: 4 | E44: ICER 600A | F44: 50×40×5L | G44: ='2026.9.7'!K40 -> 206 | H44: =K5*D44 -> 0 | K44: =G44+J44-H44-I44 -> 206 | L44: =K44/D44 -> 51.5 | M44: =IF(L44<=10,119,"")
A45: DAMPER | B45: Dust Seal | C45: GRAPHITE | D45: 4 | E45: ICER 700A | F45: 55×45×5L | G45: ='2026.9.7'!K41 -> 0 | H45: =K6*D45 -> 0 | K45: =G45+J45-H45-I45 -> 0 | L45: =K45/D45 -> 0 | M45: =IF(L45<=10,119,"") -> 119
A46: DAMPER | B46: Dust Seal | C46: GRAPHITE | D46: 4 | E46: ICER 800A/1000A공용 | F46: 60×50×5L | G46: ='2026.9.7'!K42 -> 320 | H46: =SUM(K7:K8)*D46 -> 0 | K46: =G46+J46-H46-I46 -> 320 | L46: =K46/D46 -> 80 | M46: =IF(L46<=10,119,"")
A47: DAMPER | B47: Packing Ring | C47: GRAPHITE | D47: 8 | E47: SCR 400A-600A | F47: 45×35×5L | G47: ='2026.9.7'!K43 -> 612 | H47: =SUM(I3:I14)*D47 -> 0 | K47: =G47+J47-H47-I47 -> 612 | L47: =K47/D47 -> 76.5 | M47: =IF(L47<=10,119,"")
A48: DAMPER | B48: Packing Ring | C48: GRAPHITE | D48: 8 | E48: SCR 650A-750A | F48: 50×40×5L | G48: ='2026.9.7'!K44 -> 246 | H48: =SUM(I16:I19)*D48 -> 0 | K48: =G48+J48-H48-I48 -> 246 | L48: =K48/D48 -> 30.75 | M48: =IF(L48<=10,119,"")
A49: DAMPER | B49: Packing Ring | C49: GRAPHITE | D49: 8 | E49: SCR 800A | F49: 60×45×7.5L | G49: ='2026.9.7'!K45 -> 530 | H49: =I20*D49 -> 0 | K49: =G49+J49-H49-I49 -> 530 | L49: =K49/D49 -> 66.25 | M49: =IF(L49<=10,119,"")
A50: DAMPER | B50: Packing Ring | C50: GRAPHITE | D50: 5 | E50: SCR 5K 400A(세) | F50: 45×30×7.5T | G50: ='2026.9.7'!K46 -> 10 | H50: =SUM(I21)*D50 -> 0 | K50: =G50+J50-H50-I50 -> 10 | L50: =K50/D50 -> 2 | M50: =IF(L50<=10,119,"") -> 119
A51: DAMPER | B51: Packing Ring | C51: GRAPHITE | D51: 5 | E51: SCR 5K 600A(세) | F51: 70×50×10T | G51: ='2026.9.7'!K47 -> 10 | H51: =SUM(I22)*D51 -> 0 | K51: =G51+J51-H51-I51 -> 10 | L51: =K51/D51 -> 2 | M51: =IF(L51<=10,119,"") -> 119
A52: DAMPER | B52: Packing Ring | C52: GRAPHITE | D52: 8 | E52: SCR 2200A | F52: 110×90×10T | G52: ='2026.9.7'!K48 -> 8 | H52: =SUM(I23)*D52 -> 8 | K52: =G52+J52-H52-I52 -> 0 | L52: =K52/D52 -> 0 | M52: =IF(L52<=10,119,"") -> 119
A53: DAMPER | B53: Packing Ring | C53: GRAPHITE | D53: 8 | E53: SCR 2400A | F53: 120×100×10T | G53: ='2026.9.7'!K49 -> 16 | H53: =SUM(I24)*D53 -> 0 | K53: =G53+J53-H53-I53 -> 16 | L53: =K53/D53 -> 2 | M53: =IF(L53<=10,119,"") -> 119
A54: DAMPER | B54: Packing Ring | C54: GRAPHITE | D54: 5 | E54: ICER 600A | F54: 55×40×7.5 | G54: ='2026.9.7'!K50 -> 180 | H54: =K5*D54 -> 0 | K54: =G54+J54-H54-I54 -> 180 | L54: =K54/D54 -> 36 | M54: =IF(L54<=10,119,"")
A55: DAMPER | B55: Packing Ring | C55: GRAPHITE | D55: 5 | E55: ICER 700A | F55: 60×45×7.5 | G55: ='2026.9.7'!K51 -> 5 | H55: =K6*D55 -> 0 | K55: =G55+J55-H55-I55 -> 5 | L55: =K55/D55 -> 1 | M55: =IF(L55<=10,119,"") -> 119
A56: DAMPER | B56: Packing Ring | C56: GRAPHITE | D56: 5 | E56: ICER 800A/1000A공용 | F56: 65×50×7.5 | G56: ='2026.9.7'!K52 -> 370 | H56: =K8*D56 -> 0 | K56: =G56+J56-H56-I56 -> 370 | L56: =K56/D56 -> 74 | M56: =IF(L56<=10,119,"")
A57: DAMPER | B57: Space Ring | C57: EY306 | D57: 2 | E57: SCR 400A-600A | F57: 45×35×20L | G57: ='2026.9.7'!K53 -> 79 | H57: =SUM(I3:I14)*D57 -> 0 | K57: =G57+J57-H57-I57 -> 79 | L57: =K57/D57 -> 39.5 | M57: =IF(L57<=10,119,"")
A58: DAMPER | B58: Space Ring | C58: EY306 | D58: 2 | E58: SCR 650A-750A | F58: 50×40×50L | G58: ='2026.9.7'!K54 -> 116 | H58: =SUM(I16:I19)*D58 -> 0 | K58: =G58+J58-H58-I58 -> 116 | L58: =K58/D58 -> 58 | M58: =IF(L58<=10,119,"")
A59: DAMPER | B59: Space Ring | C59: EY306 | D59: 2 | E59: SCR 800A | F59: 60×45×50L | G59: ='2026.9.7'!K55 -> 70 | H59: =I20*D59 -> 0 | K59: =G59+J59-H59-I59 -> 70 | L59: =K59/D59 -> 35 | M59: =IF(L59<=10,119,"")
A60: DAMPER | B60: Space Ring | C60: EY306 | D60: 2 | E60: SCR 5K 400A(세) | F60: 40×30×50L | G60: ='2026.9.7'!K56 -> 0 | H60: =I21*D60 -> 0 | K60: =G60+J60-H60-I60 -> 0 | L60: =K60/D60 -> 0 | M60: =IF(L60<=10,119,"") -> 119
A61: DAMPER | B61: Space Ring | C61: EY306 | D61: 2 | E61: SCR 5K 600A(세) | F61: 60×50×75L | G61: ='2026.9.7'!K57 -> 0 | H61: =I22*D61 -> 0 | K61: =G61+J61-H61-I61 -> 0 | L61: =K61/D61 -> 0 | M61: =IF(L61<=10,119,"") -> 119
A62: DAMPER | B62: Space Ring | C62: EY306 | D62: 2 | E62: SCR 2200A | F62: 110×90×20L | G62: ='2026.9.7'!K58 -> 2 | H62: =I23*D62 -> 2 | K62: =G62+J62-H62-I62 -> 0 | L62: =K62/D62 -> 0 | M62: =IF(L62<=10,119,"") -> 119
A63: DAMPER | B63: Space Ring | C63: EY306 | D63: 2 | E63: SCR 2400A | F63: 120×100×20L | G63: ='2026.9.7'!K59 -> 4 | H63: =I24*D63 -> 0 | K63: =G63+J63-H63-I63 -> 4 | L63: =K63/D63 -> 2 | M63: =IF(L63<=10,119,"") -> 119
A64: DAMPER | B64: Space Ring | C64: EY306 | D64: 2 | E64: ICER 600A | F64: 49.95×40.4×77L | G64: ='2026.9.7'!K60 -> 68 | H64: =K5*D64 -> 0 | K64: =G64+J64-H64-I64 -> 68 | L64: =K64/D64 -> 34 | M64: =IF(L64<=10,119,"")
A65: DAMPER | B65: Space Ring | C65: EY306 | D65: 2 | E65: ICER 700A | F65: 54.95×45.4×70L | G65: ='2026.9.7'!K61 -> 0 | H65: =K6*D65 -> 0 | K65: =G65+J65-H65-I65 -> 0 | L65: =K65/D65 -> 0 | M65: =IF(L65<=10,119,"") -> 119
A66: DAMPER | B66: Space Ring | C66: EY306 | D66: 2 | E66: ICER 800A | F66: 59.95×50.4×77L | G66: ='2026.9.7'!K62 -> 88 | H66: =K7*D66 -> 0 | K66: =G66+J66-H66-I66 -> 88 | L66: =K66/D66 -> 44 | M66: =IF(L66<=10,119,"")
A67: DAMPER | B67: Space Ring | C67: EY306 | D67: 2 | E67: ICER 1000A | F67: 60×50×59L | G67: ='2026.9.7'!K63 -> 77 | H67: =K8*D67 -> 0 | K67: =G67+J67-H67-I67 -> 77 | L67: =K67/D67 -> 38.5 | M67: =IF(L67<=10,119,"")
A68: DAMPER | B68: Gland Flange | C68: SUS304 | D68: 2 | E68: SCR 400A-600A | F68: 75×10T | G68: ='2026.9.7'!K64 -> 36 | H68: =SUM(I3:I14)*D68 -> 0 | K68: =G68+J68-H68-I68 -> 36 | L68: =K68/D68 -> 18 | M68: =IF(L68<=10,119,"")
A69: DAMPER | B69: Gland Flange | C69: SUS304 | D69: 2 | E69: SCR 650A-750A | F69: 80×10T | G69: ='2026.9.7'!K65 -> 177 | H69: =SUM(I16:I19)*D69 -> 0 | K69: =G69+J69-H69-I69 -> 177 | L69: =K69/D69 -> 88.5 | M69: =IF(L69<=10,119,"")
A70: DAMPER | B70: Gland Flange | C70: SUS304 | D70: 2 | E70: SCR 800A | F70: 140×15T | G70: ='2026.9.7'!K66 -> 65 | H70: =I20*D70 -> 0 | K70: =G70+J70-H70-I70 -> 65 | L70: =K70/D70 -> 32.5 | M70: =IF(L70<=10,119,"")
A71: DAMPER | B71: Gland Flange | C71: SUS304 | D71: 1 | E71: SCR 5K 400A(세) | F71: 100×15T | G71: ='2026.9.7'!K67 -> 0 | H71: =I21*D71 -> 0 | K71: =G71+J71-H71-I71 -> 0 | L71: =K71/D71 -> 0 | M71: =IF(L71<=10,119,"") -> 119
A72: DAMPER | B72: Gland Flange | C72: SUS304 | D72: 1 | E72: SCR 5K 600A(세) | F72: 125×15T | G72: ='2026.9.7'!K68 -> 0 | H72: =I22*D72 -> 0 | K72: =G72+J72-H72-I72 -> 0 | L72: =K72/D72 -> 0 | M72: =IF(L72<=10,119,"") -> 119
A73: DAMPER | B73: Gland Flange | C73: SUS304 | D73: 2 | E73: SCR 2200A | F73: 160×20T | G73: ='2026.9.7'!K69 -> 2 | H73: =I23*D73 -> 2 | K73: =G73+J73-H73-I73 -> 0 | L73: =K73/D73 -> 0 | M73: =IF(L73<=10,119,"") -> 119
A74: DAMPER | B74: Gland Flange | C74: SUS304 | D74: 2 | E74: SCR 2400A | F74: 170×20T | G74: ='2026.9.7'!K70 -> 4 | H74: =I24*D74 -> 0 | K74: =G74+J74-H74-I74 -> 4 | L74: =K74/D74 -> 2 | M74: =IF(L74<=10,119,"") -> 119
A75: DAMPER | B75: Gland Flange | C75: SUS316 | D75: 1 | E75: ICER 600A | F75: 120×18T | G75: ='2026.9.7'!K71 -> 0 | H75: =K5*D75 -> 0 | K75: =G75+J75-H75-I75 -> 0 | L75: =K75/D75 -> 0 | M75: =IF(L75<=10,119,"") -> 119
A76: DAMPER | B76: Gland Flange | C76: SUS316 | D76: 1 | E76: ICER 700A | F76: 125×18T | G76: ='2026.9.7'!K72 -> 3 | H76: =K6*D76 -> 0 | K76: =G76+J76-H76-I76 -> 3 | L76: =K76/D76 -> 3 | M76: =IF(L76<=10,119,"") -> 119
A77: DAMPER | B77: Gland Flange | C77: SUS316 | D77: 1 | E77: ICER 800A | F77: 130×18T | G77: ='2026.9.7'!K73 -> 8 | H77: =K7*D77 -> 0 | K77: =G77+J77-H77-I77 -> 8 | L77: =K77/D77 -> 8 | M77: =IF(L77<=10,119,"") -> 119
A78: DAMPER | B78: Gland Flange | C78: SUS316 | D78: 1 | E78: ICER 1000A | F78: 130×18T | G78: ='2026.9.7'!K74 -> 5 | H78: =K8*D78 -> 0 | K78: =G78+J78-H78-I78 -> 5 | L78: =K78/D78 -> 5 | M78: =IF(L78<=10,119,"") -> 119
A79: DAMPER | B79: Packing Bush | C79: SUS304 | D79: 2 | E79: SCR 400A-600A | F79: 45×36×17L | G79: ='2026.9.7'!K75 -> 116 | H79: =SUM(I3:I14)*D79 -> 0 | K79: =G79+J79-H79-I79 -> 116 | L79: =K79/D79 -> 58 | M79: =IF(L79<=10,119,"")
A80: DAMPER | B80: Packing Bush | C80: SUS304 | D80: 2 | E80: SCR 650A-750A | F80: 50×41×25L | G80: ='2026.9.7'!K76 -> 62 | H80: =SUM(I16:I19)*D80 -> 0 | K80: =G80+J80-H80-I80 -> 62 | L80: =K80/D80 -> 31 | M80: =IF(L80<=10,119,"")
A81: DAMPER | B81: Packing Bush | C81: SUS304 | D81: 2 | E81: SCR 800A | F81: 60×46×35L | G81: ='2026.9.7'!K77 -> 93 | H81: =I20*D81 -> 0 | K81: =G81+J81-H81-I81 -> 93 | L81: =K81/D81 -> 46.5 | M81: =IF(L81<=10,119,"")
A82: DAMPER | B82: Packing Bush | C82: SUS304 | D82: 1 | E82: SCR 5K 400A(세) | F82: 45×30×37L | G82: ='2026.9.7'!K78 -> 0 | H82: =I21*D82 -> 0 | K82: =G82+J82-H82-I82 -> 0 | L82: =K82/D82 -> 0 | M82: =IF(L82<=10,119,"") -> 119
A83: DAMPER | B83: Packing Bush | C83: SUS304 | D83: 1 | E83: SCR 5K 600A(세) | F83: 70×50×37L | G83: ='2026.9.7'!K79 -> 0 | H83: =I22*D83 -> 0 | K83: =G83+J83-H83-I83 -> 0 | L83: =K83/D83 -> 0 | M83: =IF(L83<=10,119,"") -> 119
A84: DAMPER | B84: Packing Bush | C84: SUS304 | D84: 2 | E84: SCR 2200A | F84: 110×90×35 | G84: ='2026.9.7'!K80 -> 2 | H84: =I23*D84 -> 2 | K84: =G84+J84-H84-I84 -> 0 | L84: =K84/D84 -> 0 | M84: =IF(L84<=10,119,"") -> 119
A85: DAMPER | B85: Packing Bush | C85: SUS304 | D85: 2 | E85: SCR 2400A | F85: 120×100×35 | G85: ='2026.9.7'!K81 -> 4 | H85: =I24*D85 -> 0 | K85: =G85+J85-H85-I85 -> 4 | L85: =K85/D85 -> 2 | M85: =IF(L85<=10,119,"") -> 119
A86: DAMPER | B86: Packing Bush | C86: SUS316 | D86: 1 | E86: ICER 600A | G86: ='2026.9.7'!K82 -> 1 | H86: =K5*D86 -> 0 | K86: =G86+J86-H86-I86 -> 1 | L86: =K86/D86 -> 1 | M86: =IF(L86<=10,119,"") -> 119
A87: DAMPER | B87: Packing Bush | C87: SUS316 | D87: 1 | E87: ICER 700A | G87: ='2026.9.7'!K83 -> 0 | H87: =K6*D87 -> 0 | K87: =G87+J87-H87-I87 -> 0 | L87: =K87/D87 -> 0 | M87: =IF(L87<=10,119,"") -> 119
A88: DAMPER | B88: Packing Bush | C88: SUS316 | D88: 1 | E88: ICER 800A | G88: ='2026.9.7'!K84 -> 9 | H88: =K7*D88 -> 0 | K88: =G88+J88-H88-I88 -> 9 | L88: =K88/D88 -> 9 | M88: =IF(L88<=10,119,"") -> 119
A89: DAMPER | B89: Packing Bush | C89: SUS316 | D89: 1 | E89: ICER 1000A | F89: 65×51×45L | G89: ='2026.9.7'!K85 -> 5 | H89: =K8*D89 -> 0 | K89: =G89+J89-H89-I89 -> 5 | L89: =K89/D89 -> 5 | M89: =IF(L89<=10,119,"") -> 119
A90: DAMPER | B90: Stud Bolt | C90: SUS304 | D90: 8 | E90: SCR 400A-600A | F90: M6×65L | G90: ='2026.9.7'!K86 -> 318 | H90: =SUM(I3:I14)*D90 -> 0 | K90: =G90+J90-H90-I90 -> 318 | L90: =K90/D90 -> 39.75 | M90: =IF(L90<=10,119,"")
A91: DAMPER | B91: Stud Bolt | C91: SUS304 | D91: 8 | E91: SCR 650A-750A | F91: M8×70L | G91: ='2026.9.7'!K87 -> 299 | H91: =SUM(I16:I19)*D91 -> 0 | K91: =G91+J91-H91-I91 -> 299 | L91: =K91/D91 -> 37.375 | M91: =IF(L91<=10,119,"")
A92: DAMPER | B92: Stud Bolt | C92: SUS304 | D92: 8 | E92: SCR 800A | F92: M10×75L | G92: ='2026.9.7'!K88 -> 686 | H92: =I20*D92 -> 0 | K92: =G92+J92-H92-I92 -> 686 | L92: =K92/D92 -> 85.75 | M92: =IF(L92<=10,119,"")
A93: DAMPER | B93: Stud Bolt | C93: SUS304 | D93: 4 | E93: SCR 5K 400A-600A(세)공용 | F93: M12×95L | G93: ='2026.9.7'!K89 -> 2 | H93: =SUM(I21:I22)*D93 -> 0 | K93: =G93+J93-H93-I93 -> 2 | L93: =K93/D93 -> 0.5 | M93: =IF(L93<=10,119,"") -> 119
A94: DAMPER | B94: Stud Bolt | C94: SUS304 | D94: 8 | E94: SCR 2200A/2400A공용 | F94: M12×100L | G94: ='2026.9.7'!K90 -> 31 | H94: =SUM(I23:I24)*D94 -> 8 | K94: =G94+J94-H94-I94 -> 23 | L94: =K94/D94 -> 2.875 | M94: =IF(L94<=10,119,"") -> 119
A95: DAMPER | B95: Stud Bolt | C95: A4-80 | D95: 4 | E95: ICER 600A | F95: M12×110L | G95: ='2026.9.7'!K91 -> 138 | H95: =K5*D95 -> 0 | K95: =G95+J95-H95-I95 -> 138 | L95: =K95/D95 -> 34.5 | M95: =IF(L95<=10,119,"")
A96: DAMPER | B96: Stud Bolt | C96: A4-80 | D96: 4 | E96: ICER 700A/800A공용 | F96: M16×120L | G96: ='2026.9.7'!K92 -> 155 | H96: =SUM(K6:K7)*D96 -> 0 | K96: =G96+J96-H96-I96 -> 155 | L96: =K96/D96 -> 38.75 | M96: =IF(L96<=10,119,"")
A97: DAMPER | B97: Stud Bolt | C97: A4-80 | D97: 4 | E97: ICER 1000A | F97: M16×130L | G97: ='2026.9.7'!K93 -> 157 | H97: =K8*D97 -> 0 | K97: =G97+J97-H97-I97 -> 157 | L97: =K97/D97 -> 39.25 | M97: =IF(L97<=10,119,"")
A98: DAMPER | B98: Bearing Seat | C98: C2604 | D98: 2 | E98: SCR 400A-600A | F98: 40×4L | G98: ='2026.9.7'!K94 -> 122 | H98: =SUM(I3:I14)*D98 -> 0 | K98: =G98+J98-H98-I98 -> 122 | L98: =K98/D98 -> 61 | M98: =IF(L98<=10,119,"")
A99: DAMPER | B99: Bearing Seat | C99: C2604 | D99: 2 | E99: SCR 650A-750A | F99: 45×5L | G99: ='2026.9.7'!K95 -> 37 | H99: =SUM(I16:I19)*D99 -> 0 | K99: =G99+J99-H99-I99 -> 37 | L99: =K99/D99 -> 18.5 | M99: =IF(L99<=10,119,"")
A100: DAMPER | B100: Bearing Seat | C100: C2604 | D100: 2 | E100: SCR 800A | F100: 50×5L | G100: ='2026.9.7'!K96 -> 94 | H100: =I20*D100 -> 0 | K100: =G100+J100-H100-I100 -> 94 | L100: =K100/D100 -> 47 | M100: =IF(L100<=10,119,"")
A101: DAMPER | B101: Bearing Seat | C101: C3604 | D101: 2 | E101: SCR 2200A | F101: 105×20 | G101: ='2026.9.7'!K97 -> 2 | H101: =I23*D101 -> 2 | K101: =G101+J101-H101-I101 -> 0 | L101: =K101/D101 -> 0 | M101: =IF(L101<=10,119,"") -> 119
...

Sheet 2026.9.9
G3: DAMPER 모델별 조립실적(2026.9.8 ~ )
G4: SCR-LP | H4: 금일조립수량 | I4: ICER | J4: 금일조립수량 | K4: SCR-LP | L4: 누계 | M4: ICER | N4: 누계
G5: SCR N400A | K5: SCR N400A | L5: =H6+'2026.9.8'!M3 -> 0
G6: SCR N450 | K6: SCR N450 | L6: =H7+'2026.9.8'!M4 -> 0
G7: SCR 400A | I7: ICER 600A | K7: SCR 400A | L7: =H8+'2026.9.8'!M5 -> 0 | M7: ICER 600A | N7: =J7+'2026.9.8'!O5 -> 0
G8: SCR 450A | I8: ICER 700A | K8: SCR 450A | L8: =H9+'2026.9.8'!M6 -> 0 | M8: ICER 700A | N8: =J8+'2026.9.8'!O6 -> 0
G9: SCR 500A | I9: ICER 800A | J9: 2 | K9: SCR 500A | L9: =H10+'2026.9.8'!M7 -> 0 | M9: ICER 800A | N9: =J9+'2026.9.8'!O7 -> 2
G10: SCR N500A | I10: ICER 1000A | J10: 3 | K10: SCR N500A | L10: =H11+'2026.9.8'!M8 -> 0 | M10: ICER 1000A | N10: =J10+'2026.9.8'!O8 -> 4
G11: SCR 5K N500A | K11: SCR 5K N500A | L11: =H12+'2026.9.8'!M9 -> 0
A12: DAMPER 조립 자재 재고현황 | G12: SCR 550A | K12: SCR 550A | L12: =H13+'2026.9.8'!M10 -> 0
G13: SCR N550A | K13: SCR N550A | L13: =H14+'2026.9.8'!M11 -> 0
G14: SCR 5K N550A | K14: SCR 5K N550A | L14: =H15+'2026.9.8'!M12 -> 0
G15: SCR 600A | K15: SCR 600A | L15: =H16+'2026.9.8'!M13 -> 0
G16: SCR N600A | K16: SCR N600A | L16: =H17+'2026.9.8'!M14 -> 0
G17: SCR 5K N600A | K17: SCR 5K N600A | L17: =H18+'2026.9.8'!M15 -> 0
G18: SCR 650A | K18: SCR 650A | L18: =H19+'2026.9.8'!M16 -> 0
G19: SCR 5K 650A | K19: SCR 5K 650A | L19: =H20+'2026.9.8'!M17 -> 0
G20: SCR 700A | K20: SCR 700A | L20: =H21+'2026.9.8'!M18 -> 0
G21: SCR 750A | K21: SCR 750A | L21: =H22+'2026.9.8'!M19 -> 0
G22: SCR 800A | K22: SCR 800A | L22: =H23+'2026.9.8'!M20 -> 0
G23: SCR 5K 400A(세) | K23: SCR 5K 400A(세) | L23: =H24+'2026.9.8'!M21 -> 0
G24: SCR 5K 600A(세) | K24: SCR 5K 600A(세) | L24: =H25+'2026.9.8'!M22 -> 0
... G26: SCR 2400A | K26: SCR 2400A | L26: =H27+'2026.9.8'!M24 -> 0
A28: 자재명 | B28: 재질 | C28: 수량/1대 | D28: 적용모델 | E28: 자재규격 | F28: 전일재고 | G28: 투입수량 | H28: 분실/파손 | I28: 입고수량 | J28: 현재재고 | K28: 조립가능대수 | L28: 안전재고알람
A29: Key | B29: S45C | C29: 2 | D29: SCR 400A-750A공용 | E29: 10×8×35L | F29: ='2026.9.8'!K27 -> 310 | G29: =SUM(H5:H21)*C29 -> 0 | J29: =F29+I29-G29-H29 -> 310 | K29: =J29/C29 -> 155 | L29: =IF(K29<=10,119,"")
A30: Key | B30: S45C | C30: 2 | D30: SCR 800A | E30: 12×8×55L | F30: ='2026.9.8'!K28 -> 240 | G30: =H22*C30 -> 0 | J30: =F30+I30-G30-H30 -> 240 | K30: =J30/C30 -> 120 | L30: =IF(K30<=10,119,"")
A31: Key | B31: S45C | C31: 2 | D31: SCR 5K 400A(세) | E31: 10×8×35L | F31: ='2026.9.8'!K29 -> 17 | G31: =H23*C31 -> 0 | J31: =F31+I31-G31-H31 -> 17 | K31: =J31/C31 -> 8.5 | L31: =IF(K31<=10,119,"") -> 119
A32: Key | B32: S45C | C32: 2 | D32: SCR 5K 600A(세) | E32: 14×9×55L | F32: ='2026.9.8'!K30 -> 17 | G32: =H24*C32 -> 0 | J32: =F32+I32-G32-H32 -> 17 | K32: =J32/C32 -> 8.5 | L32: =IF(K32<=10,119,"") -> 119
A33: Key | B33: S45C | C33: 2 | D33: SCR 2200A/2400A공용 | E33: 25×14×80L | F33: ='2026.9.8'!K31 -> 4 | G33: =SUM(H25:H26)*C33 -> 0 | J33: =F33+I33-G33-H33 -> 4 | K33: =J33/C33 -> 2 | L33: =IF(K33<=10,119,"") -> 119
A34: Key | B34: SUS304 | C34: 2 | D34: ICER 600A | E34: 10×8×45L | F34: ='2026.9.8'!K32 -> 76 | G34: =J7*C34 -> 0 | J34: =F34+I34-G34-H34 -> 76 | K34: =J34/C34 -> 38 | L34: =IF(K34<=10,119,"")
A35: Key | B35: SUS304 | C35: 2 | D35: ICER 700A | E35: 12×8×58L | F35: ='2026.9.8'!K33 -> 2 | G35: =J8*C35 -> 0 | J35: =F35+I35-G35-H35 -> 2 | K35: =J35/C35 -> 1 | L35: =IF(K35<=10,119,"") -> 119
A36: Key | B36: SUS304 | C36: 2 | D36: ICER 800A | E36: 14×9×60L | F36: ='2026.9.8'!K34 -> 73 | G36: =J9*C36 -> 4 | J36: =F36+I36-G36-H36 -> 69 | K36: =J36/C36 -> 34.5 | L36: =IF(K36<=10,119,"")
A37: Key | B37: SUS304 | C37: 2 | D37: ICER 1000A | E37: 14×9×50L | F37: ='2026.9.8'!K35 -> 74 | G37: =J10*C37 -> 6 | J37: =F37+I37-G37-H37 -> 68 | K37: =J37/C37 -> 34 | L37: =IF(K37<=10,119,"")
A38: Key(Adapter) | B38: S45C | C38: 2 | D38: SCR 2200A/2400A공용 | E38: 150×28×16T | F38: ='2026.9.8'!K36 -> 6 | G38: =SUM(H25:H26)*C38 -> 0 | J38: =F38+I38-G38-H38 -> 6 | K38: =J38/C38 -> 3 | L38: =IF(K38<=10,119,"") -> 119
A39: Dust Seal | B39: GRAPHITE | C39: 4 | D39: SCR 400A-600A공용 | E39: 45×35×5L | F39: ='2026.9.8'!K37 -> 304 | G39: =SUM(H5:H16)*C39 -> 0 | J39: =F39+I39-G39-H39 -> 304 | K39: =J39/C39 -> 76 | L39: =IF(K39<=10,119,"")
A40: Dust Seal | B40: GRAPHITE | C40: 4 | D40: SCR 650A-750A공용 | E40: 50×40×5L | F40: ='2026.9.8'!K38 -> 150 | G40: =SUM(H18:H21)*C40 -> 0 | J40: =F40+I40-G40-H40 -> 150 | K40: =J40/C40 -> 37.5 | L40: =IF(K40<=10,119,"")
A41: Dust Seal | B41: GRAPHITE | C41: 4 | D41: SCR 800A | E41: 60×45×7.5L | F41: ='2026.9.8'!K39 -> 262 | G41: =H22*C41 -> 0 | J41: =F41+I41-G41-H41 -> 262 | K41: =J41/C41 -> 65.5 | L41: =IF(K41<=10,119,"")
A42: Dust Seal | B42: GRAPHITE | C42: 4 | D42: SCR 5K 400A(세) | E42: 40×30×5T | F42: ='2026.9.8'!K40 -> 6 | G42: =H23*C42 -> 0 | J42: =F42+I42-G42-H42 -> 6 | K42: =J42/C42 -> 1.5 | L42: =IF(K42<=10,119,"") -> 119
A43: Dust Seal | B43: GRAPHITE | C43: 4 | D43: SCR 5K 600A(세) | E43: 60×50×5T | F43: ='2026.9.8'!K41 -> 6 | G43: =H24*C43 -> 0 | J43: =F43+I43-G43-H43 -> 6 | K43: =J43/C43 -> 1.5 | L43: =IF(K43<=10,119,"") -> 119
A44: Dust Seal | B44: GRAPHITE | C44: 2 | D44: SCR 2200A | E44: 110×90×10T | F44: ='2026.9.8'!K42 -> 0 | G44: =H25*C44 -> 0 | J44: =F44+I44-G44-H44 -> 0 | K44: =J44/C44 -> 0 | L44: =IF(K44<=10,119,"") -> 119
A45: Dust Seal | B45: GRAPHITE | C45: 2 | D45: SCR 2400A | E45: 120×100×10T | F45: ='2026.9.8'!K43 -> 4 | G45: =H26*C45 -> 0 | J45: =F45+I45-G45-H45 -> 4 | K45: =J45/C45 -> 2 | L45: =IF(K45<=10,119,"") -> 119
A46: Dust Seal | B46: GRAPHITE | C46: 4 | D46: ICER 600A | E46: 50×40×5L | F46: ='2026.9.8'!K44 -> 206 | G46: =J7*C46 -> 0 | J46: =F46+I46-G46-H46 -> 206 | K46: =J46/C46 -> 51.5 | L46: =IF(K46<=10,119,"")
A47: Dust Seal | B47: GRAPHITE | C47: 4 | D47: ICER 700A | E47: 55×45×5L | F47: ='2026.9.8'!K45 -> 0 | G47: =J8*C47 -> 0 | J47: =F47+I47-G47-H47 -> 0 | K47: =J47/C47 -> 0 | L47: =IF(K47<=10,119,"") -> 119
A48: Dust Seal | B48: GRAPHITE | C48: 4 | D48: ICER 800A/1000A공용 | E48: 60×50×5L | F48: ='2026.9.8'!K46 -> 320 | G48: =SUM(J9:J10)*C48 -> 20 | J48: =F48+I48-G48-H48 -> 300 | K48: =J48/C48 -> 75 | L48: =IF(K48<=10,119,"")
A49: Packing Ring | B49: GRAPHITE | C49: 8 | D49: SCR 400A-600A공용 | E49: 45×35×5L | F49: ='2026.9.8'!K47 -> 612 | G49: =SUM(H5:H16)*C49 -> 0 | J49: =F49+I49-G49-H49 -> 612 | K49: =J49/C49 -> 76.5 | L49: =IF(K49<=10,119,"")
A50: Packing Ring | B50: GRAPHITE | C50: 8 | D50: SCR 650A-750A공용 | E50: 50×40×5L | F50: ='2026.9.8'!K48 -> 246 | G50: =SUM(H18:H21)*C50 -> 0 | J50: =F50+I50-G50-H50 -> 246 | K50: =J50/C50 -> 30.75 | L50: =IF(K50<=10,119,"")
A51: Packing Ring | B51: GRAPHITE | C51: 8 | D51: SCR 800A | E51: 60×45×7.5L | F51: ='2026.9.8'!K49 -> 530 | G51: =H22*C51 -> 0 | J51: =F51+I51-G51-H51 -> 530 | K51: =J51/C51 -> 66.25 | L51: =IF(K51<=10,119,"")
A52: Packing Ring | B52: GRAPHITE | C52: 5 | D52: SCR 5K 400A(세) | E52: 45×30×7.5T | F52: ='2026.9.8'!K50 -> 10 | G52: =SUM(H23)*C52 -> 0 | J52: =F52+I52-G52-H52 -> 10 | K52: =J52/C52 -> 2 | L52: =IF(K52<=10,119,"") -> 119
A53: Packing Ring | B53: GRAPHITE | C53: 5 | D53: SCR 5K 600A(세) | E53: 70×50×10T | F53: ='2026.9.8'!K51 -> 10 | G53: =SUM(H24)*C53 -> 0 | J53: =F53+I53-G53-H53 -> 10 | K53: =J53/C53 -> 2 | L53: =IF(K53<=10,119,"") -> 119
A54: Packing Ring | B54: GRAPHITE | C54: 8 | D54: SCR 2200A | E54: 110×90×10T | F54: ='2026.9.8'!K52 -> 0 | G54: =SUM(H25)*C54 -> 0 | J54: =F54+I54-G54-H54 -> 0 | K54: =J54/C54 -> 0 | L54: =IF(K54<=10,119,"") -> 119
A55: Packing Ring | B55: GRAPHITE | C55: 8 | D55: SCR 2400A | E55: 120×100×10T | F55: ='2026.9.8'!K53 -> 16 | G55: =SUM(H26)*C55 -> 0 | J55: =F55+I55-G55-H55 -> 16 | K55: =J55/C55 -> 2 | L55: =IF(K55<=10,119,"") -> 119
A56: Packing Ring | B56: GRAPHITE | C56: 5 | D56: ICER 600A | E56: 55×40×7.5 | F56: ='2026.9.8'!K54 -> 180 | G56: =J7*C56 -> 0 | J56: =F56+I56-G56-H56 -> 180 | K56: =J56/C56 -> 36 | L56: =IF(K56<=10,119,"")
A57: Packing Ring | B57: GRAPHITE | C57: 5 | D57: ICER 700A | E57: 60×45×7.5 | F57: ='2026.9.8'!K55 -> 5 | G57: =J8*C57 -> 0 | J57: =F57+I57-G57-H57 -> 5 | K57: =J57/C57 -> 1 | L57: =IF(K57<=10,119,"") -> 119
A58: Packing Ring | B58: GRAPHITE | C58: 5 | D58: ICER 800A/1000A공용 | E58: 65×50×7.5 | F58: ='2026.9.8'!K56 -> 370 | G58: =J10*C58 -> 15 | J58: =F58+I58-G58-H58 -> 355 | K58: =J58/C58 -> 71 | L58: =IF(K58<=10,119,"")
A59: Space Ring | B59: EY306 | C59: 2 | D59: SCR 400A-600A공용 | E59: 45×35×20L | F59: ='2026.9.8'!K57 -> 79 | G59: =SUM(H5:H16)*C59 -> 0 | J59: =F59+I59-G59-H59 -> 79 | K59: =J59/C59 -> 39.5 | L59: =IF(K59<=10,119,"")
A60: Space Ring | B60: EY306 | C60: 2 | D60: SCR 650A-750A공용 | E60: 50×40×50L | F60: ='2026.9.8'!K58 -> 116 | G60: =SUM(H18:H21)*C60 -> 0 | J60: =F60+I60-G60-H60 -> 116 | K60: =J60/C60 -> 58 | L60: =IF(K60<=10,119,"")
A61: Space Ring | B61: EY306 | C61: 2 | D61: SCR 800A | E61: 60×45×50L | F61: ='2026.9.8'!K59 -> 70 | G61: =H22*C61 -> 0 | J61: =F61+I61-G61-H61 -> 70 | K61: =J61/C61 -> 35 | L61: =IF(K61<=10,119,"")
A62: Space Ring | B62: EY306 | C62: 2 | D62: SCR 5K 400A(세) | E62: 40×30×50L | F62: ='2026.9.8'!K60 -> 0 | G62: =H23*C62 -> 0 | J62: =F62+I62-G62-H62 -> 0 | K62: =J62/C62 -> 0 | L62: =IF(K62<=10,119,"") -> 119
A63: Space Ring | B63: EY306 | C63: 2 | D63: SCR 5K 600A(세) | E63: 60×50×75L | F63: ='2026.9.8'!K61 -> 0 | G63: =H24*C63 -> 0 | J63: =F63+I63-G63-H63 -> 0 | K63: =J63/C63 -> 0 | L63: =IF(K63<=10,119,"") -> 119
A64: Space Ring | B64: EY306 | C64: 2 | D64: SCR 2200A | E64: 110×90×20L | F64: ='2026.9.8'!K62 -> 0 | G64: =H25*C64 -> 0 | J64: =F64+I64-G64-H64 -> 0 | K64: =J64/C64 -> 0 | L64: =IF(K64<=10,119,"") -> 119
A65: Space Ring | B65: EY306 | C65: 2 | D65: SCR 2400A | E65: 120×100×20L | F65: ='2026.9.8'!K63 -> 4 | G65: =H26*C65 -> 0 | J65: =F65+I65-G65-H65 -> 4 | K65: =J65/C65 -> 2 | L65: =IF(K65<=10,119,"") -> 119
A66: Space Ring | B66: EY306 | C66: 2 | D66: ICER 600A | E66: 49.95×40.4×77L | F66: ='2026.9.8'!K64 -> 68 | G66: =J7*C66 -> 0 | J66: =F66+I66-G66-H66 -> 68 | K66: =J66/C66 -> 34 | L66: =IF(K66<=10,119,"")
A67: Space Ring | B67: EY306 | C67: 2 | D67: ICER 700A | E67: 54.95×45.4×70L | F67: ='2026.9.8'!K65 -> 0 | G67: =J8*C67 -> 0 | J67: =F67+I67-G67-H67 -> 0 | K67: =J67/C67 -> 0 | L67: =IF(K67<=10,119,"") -> 119
A68: Space Ring | B68: EY306 | C68: 2 | D68: ICER 800A | E68: 59.95×50.4×77L | F68: ='2026.9.8'!K66 -> 88 | G68: =J9*C68 -> 4 | J68: =F68+I68-G68-H68 -> 84 | K68: =J68/C68 -> 42 | L68: =IF(K68<=10,119,"")
A69: Space Ring | B69: EY306 | C69: 2 | D69: ICER 1000A | E69: 60×50×59L | F69: ='2026.9.8'!K67 -> 77 | G69: =J10*C69 -> 6 | J69: =F69+I69-G69-H69 -> 71 | K69: =J69/C69 -> 35.5 | L69: =IF(K69<=10,119,"")
A70: Gland Flange | B70: SUS304 | C70: 2 | D70: SCR 400A-600A공용 | E70: 75×10T | F70: ='2026.9.8'!K68 -> 36 | G70: =SUM(H5:H16)*C70 -> 0 | J70: =F70+I70-G70-H70 -> 36 | K70: =J70/C70 -> 18 | L70: =IF(K70<=10,119,"")
A71: Gland Flange | B71: SUS304 | C71: 2 | D71: SCR 650A-750A공용 | E71: 80×10T | F71: ='2026.9.8'!K69 -> 177 | G71: =SUM(H18:H21)*C71 -> 0 | J71: =F71+I71-G71-H71 -> 177 | K71: =J71/C71 -> 88.5 | L71: =IF(K71<=10,119,"")
A72: Gland Flange | B72: SUS304 | C72: 2 | D72: SCR 800A | E72: 140×15T | F72: ='2026.9.8'!K70 -> 65 | G72: =H22*C72 -> 0 | J72: =F72+I72-G72-H72 -> 65 | K72: =J72/C72 -> 32.5 | L72: =IF(K72<=10,119,"")
A73: Gland Flange | B73: SUS304 | C73: 1 | D73: SCR 5K 400A(세) | E73: 100×15T | F73: ='2026.9.8'!K71 -> 0 | G73: =H23*C73 -> 0 | J73: =F73+I73-G73-H73 -> 0 | K73: =J73/C73 -> 0 | L73: =IF(K73<=10,119,"") -> 119
A74: Gland Flange | B74: SUS304 | C74: 1 | D74: SCR 5K 600A(세) | E74: 125×15T | F74: ='2026.9.8'!K72 -> 0 | G74: =H24*C74 -> 0 | J74: =F74+I74-G74-H74 -> 0 | K74: =J74/C74 -> 0 | L74: =IF(K74<=10,119,"") -> 119
A75: Gland Flange | B75: SUS304 | C75: 2 | D75: SCR 2200A | E75: 160×20T | F75: ='2026.9.8'!K73 -> 0 | G75: =H25*C75 -> 0 | J75: =F75+I75-G75-H75 -> 0 | K75: =J75/C75 -> 0 | L75: =IF(K75<=10,119,"") -> 119
A76: Gland Flange | B76: SUS304 | C76: 2 | D76: SCR 2400A | E76: 170×20T | F76: ='2026.9.8'!K74 -> 4 | G76: =H26*C76 -> 0 | J76: =F76+I76-G76-H76 -> 4 | K76: =J76/C76 -> 2 | L76: =IF(K76<=10,119,"") -> 119
A77: Gland Flange | B77: SUS316 | C77: 1 | D77: ICER 600A | E77: 120×18T | F77: ='2026.9.8'!K75 -> 0 | G77: =J7*C77 -> 0 | J77: =F77+I77-G77-H77 -> 0 | K77: =J77/C77 -> 0 | L77: =IF(K77<=10,119,"") -> 119
A78: Gland Flange | B78: SUS316 | C78: 1 | D78: ICER 700A | E78: 125×18T | F78: ='2026.9.8'!K76 -> 3 | G78: =J8*C78 -> 0 | J78: =F78+I78-G78-H78 -> 3 | K78: =J78/C78 -> 3 | L78: =IF(K78<=10,119,"") -> 119
A79: Gland Flange | B79: SUS316 | C79: 1 | D79: ICER 800A | E79: 130×18T | F79: ='2026.9.8'!K77 -> 8 | G79: =J9*C79 -> 2 | J79: =F79+I79-G79-H79 -> 6 | K79: =J79/C79 -> 6 | L79: =IF(K79<=10,119,"") -> 119
A80: Gland Flange | B80: SUS316 | C80: 1 | D80: ICER 1000A | E80: 130×18T | F80: ='2026.9.8'!K78 -> 5 | G80: =J10*C80 -> 3 | J80: =F80+I80-G80-H80 -> 2 | K80: =J80/C80 -> 2 | L80: =IF(K80<=10,119,"") -> 119
A81: Packing Bush | B81: SUS304 | C81: 2 | D81: SCR 400A-600A공용 | E81: 45×36×17L | F81: ='2026.9.8'!K79 -> 116 | G81: =SUM(H5:H16)*C81 -> 0 | J81: =F81+I81-G81-H81 -> 116 | K81: =J81/C81 -> 58 | L81: =IF(K81<=10,119,"")
A82: Packing Bush | B82: SUS304 | C82: 2 | D82: SCR 650A-750A공용 | E82: 50×41×25L | F82: ='2026.9.8'!K80 -> 62 | G82: =SUM(H18:H21)*C82 -> 0 | J82: =F82+I82-G82-H82 -> 62 | K82: =J82/C82 -> 31 | L82: =IF(K82<=10,119,"")
A83: Packing Bush | B83: SUS304 | C83: 2 | D83: SCR 800A | E83: 60×46×35L | F83: ='2026.9.8'!K81 -> 93 | G83: =H22*C83 -> 0 | J83: =F83+I83-G83-H83 -> 93 | K83: =J83/C83 -> 46.5 | L83: =IF(K83<=10,119,"")
A84: Packing Bush | B84: SUS304 | C84: 1 | D84: SCR 5K 400A(세) | E84: 45×30×37L | F84: ='2026.9.8'!K82 -> 0 | G84: =H23*C84 -> 0 | J84: =F84+I84-G84-H84 -> 0 | K84: =J84/C84 -> 0 | L84: =IF(K84<=10,119,"") -> 119
A85: Packing Bush | B85: SUS304 | C85: 1 | D85: SCR 5K 600A(세) | E85: 70×50×37L | F85: ='2026.9.8'!K83 -> 0 | G85: =H24*C85 -> 0 | J85: =F85+I85-G85-H85 -> 0 | K85: =J85/C85 -> 0 | L85: =IF(K85<=10,119,"") -> 119
A86: Packing Bush | B86: SUS304 | C86: 2 | D86: SCR 2200A | E86: 110×90×35 | F86: ='2026.9.8'!K84 -> 0 | G86: =H25*C86 -> 0 | J86: =F86+I86-G86-H86 -> 0 | K86: =J86/C86 -> 0 | L86: =IF(K86<=10,119,"") -> 119
A87: Packing Bush | B87: SUS304 | C87: 2 | D87: SCR 2400A | E87: 120×100×35 | F87: ='2026.9.8'!K85 -> 4 | G87: =H26*C87 -> 0 | J87: =F87+I87-G87-H87 -> 4 | K87: =J87/C87 -> 2 | L87: =IF(K87<=10,119,"") -> 119
A88: Packing Bush | B88: SUS316 | C88: 1 | D88: ICER 600A | F88: ='2026.9.8'!K86 -> 1 | G88: =J7*C88 -> 0 | J88: =F88+I88-G88-H88 -> 1 | K88: =J88/C88 -> 1 | L88: =IF(K88<=10,119,"") -> 119
A89: Packing Bush | B89: SUS316 | C89: 1 | D89: ICER 700A | F89: ='2026.9.8'!K87 -> 0 | G89: =J8*C89 -> 0 | J89: =F89+I89-G89-H89 -> 0 | K89: =J89/C89 -> 0 | L89: =IF(K89<=10,119,"") -> 119
A90: Packing Bush | B90: SUS316 | C90: 1 | D90: ICER 800A | F90: ='2026.9.8'!K88 -> 9 | G90: =J9*C90 -> 2 | J90: =F90+I90-G90-H90 -> 7 | K90: =J90/C90 -> 7 | L90: =IF(K90<=10,119,"") -> 119
A91: Packing Bush | B91: SUS316 | C91: 1 | D91: ICER 1000A | E91: 65×51×45L | F91: ='2026.9.8'!K89 -> 5 | G91: =J10*C91 -> 3 | J91: =F91+I91-G91-H91 -> 2 | K91: =J91/C91 -> 2 | L91: =IF(K91<=10,119,"") -> 119
A92: Stud Bolt | B92: SUS304 | C92: 8 | D92: SCR 400A-600A공용 | E92: M6×65L | F92: ='2026.9.8'!K90 -> 318 | G92: =SUM(H5:H16)*C92 -> 0 | J92: =F92+I92-G92-H92 -> 318 | K92: =J92/C92 -> 39.75 | L92: =IF(K92<=10,119,"")
A93: Stud Bolt | B93: SUS304 | C93: 8 | D93: SCR 650A-750A공용 | E93: M8×70L | F93: ='2026.9.8'!K91 -> 299 | G93: =SUM(H18:H21)*C93 -> 0 | J93: =F93+I93-G93-H93 -> 299 | K93: =J93/C93 -> 37.375 | L93: =IF(K93<=10,119,"")
A94: Stud Bolt | B94: SUS304 | C94: 8 | D94: SCR 800A | E94: M10×75L | F94: ='2026.9.8'!K92 -> 686 | G94: =H22*C94 -> 0 | J94: =F94+I94-G94-H94 -> 686 | K94: =J94/C94 -> 85.75 | L94: =IF(K94<=10,119,"")
A95: Stud Bolt | B95: SUS304 | C95: 4 | D95: SCR 5K 400A-600A(세)공용 | E95: M12×95L | F95: ='2026.9.8'!K93 -> 2 | G95: =SUM(H23:H24)*C95 -> 0 | J95: =F95+I95-G95-H95 -> 2 | K95: =J95/C95 -> 0.5 | L95: =IF(K95<=10,119,"") -> 119
A96: Stud Bolt | B96: SUS304 | C96: 8 | D96: SCR 2200A/2400A공용 | E96: M12×100L | F96: ='2026.9.8'!K94 -> 23 | G96: =SUM(H25:H26)*C96 -> 0 | J96: =F96+I96-G96-H96 -> 23 | K96: =J96/C96 -> 2.875 | L96: =IF(K96<=10,119,"") -> 119
A97: Stud Bolt | B97: A4-80 | C97: 4 | D97: ICER 600A | E97: M12×110L | F97: ='2026.9.8'!K95 -> 138 | G97: =J7*C97 -> 0 | J97: =F97+I97-G97-H97 -> 138 | K97: =J97/C97 -> 34.5 | L97: =IF(K97<=10,119,"")
A98: Stud Bolt | B98: A4-80 | C98: 4 | D98: ICER 700A/800A공용 | E98: M16×120L | F98: ='2026.9.8'!K96 -> 155 | G98: =SUM(J8:J9)*C98 -> 8 | J98: =F98+I98-G98-H98 -> 147 | K98: =J98/C98 -> 36.75 | L98: =IF(K98<=10,119,"")
A99: Stud Bolt | B99: A4-80 | C99: 4 | D99: ICER 1000A | E99: M16×130L | F99: ='2026.9.8'!K97 -> 157 | G99: =J10*C99 -> 12 | J99: =F99+I99-G99-H99 -> 145 | K99: =J99/C99 -> 36.25 | L99: =IF(K99<=10,119,"")
A100: Bearing Seat | B100: C2604 | C100: 2 | D100: SCR 400A-600A공용 | E100: 40×4L | F100: ='2026.9.8'!K98 -> 122 | G100: =SUM(H5:H16)*C100 -> 0 | J100: =F100+I100-G100-H100 -> 122 | K100: =J100/C100 -> 61 | L100: =IF(K100<=10,119,"")
A101: Bearing Seat | B101: C2604 | C101: 2 | D101: SCR 650A-750A공용 | E101: 45×5L | F101: ='2026.9.8'!K99 -> 37 | G101: =SUM(H18:H21)*C101 -> 0 | J101: =F101+I101-G101-H101 -> 37 | K101: =J101/C101 -> 18.5 | L101: =IF(K101<=10,119,"")
A102: Bearing Seat | B102: C2604 | C102: 2 | D102: SCR 800A | E102: 50×5L | F102: ='2026.9.8'!K100 -> 94 | G102: =H22*C102 -> 0 | J102: =F102+I102-G102-H102 -> 94 | K102: =J102/C102 -> 47 | L102: =IF(K102<=10,119,"")
A103: Bearing Seat | B103: C3604 | C103: 2 | D103: SCR 2200A | E103: 105×20 | F103: ='2026.9.8'!K101 -> 0 | G103: =H25*C103 -> 0 | J103: =F103+I103-G103-H103 -> 0 | K103: =J103/C103 -> 0 | L103: =IF(K103<=10,119,"") -> 119
A104: Bearing Seat | B104: C3604 | C104: 2 | D104: SCR 2400A | E104: 110×20 | F104: ='2026.9.8'!K102 -> 4 | G104: =H26*C104 -> 0 | J104: =F104+I104-G104-H104 -> 4 | K104: =J104/C104 -> 2 | L104: =IF(K104<=10,119,"") -> 119
...

Sheet 2026.9.10
G3: DAMPER 모델별 조립실적(2026.9.8~)
G4: SCR-LP | H4: 금일조립수량 | I4: ICER | J4: 금일조립수량 | K4: SCR-LP | L4: 누계 | M4: ICER | N4: 누계
G5: SCR N400A | K5: SCR N400A | L5: ='2026.9.9'!L5+H5 -> 0
G6: SCR N450 | K6: SCR N450 | L6: ='2026.9.9'!L6+H6 -> 0
G7: SCR 400A | I7: ICER 600A | K7: SCR 400A | L7: ='2026.9.9'!L7+H7 -> 0 | M7: ICER 600A | N7: ='2026.9.9'!N7+J7 -> 0
G8: SCR 450A | I8: ICER 700A | K8: SCR 450A | L8: ='2026.9.9'!L8+H8 -> 0 | M8: ICER 700A | N8: ='2026.9.9'!N8+J8 -> 0
G9: SCR 500A | I9: ICER 800A | J9: 6 | K9: SCR 500A | L9: ='2026.9.9'!L9+H9 -> 0 | M9: ICER 800A | N9: ='2026.9.9'!N9+J9 -> 8
G10: SCR N500A | I10: ICER 1000A | K10: SCR N500A | L10: ='2026.9.9'!L10+H10 -> 0 | M10: ICER 1000A | N10: ='2026.9.9'!N10+J10 -> 4
G11: SCR 5K N500A | K11: SCR 5K N500A | L11: ='2026.9.9'!L11+H11 -> 0
A12: DAMPER 조립 자재 재고현황 | G12: SCR 550A | K12: SCR 550A | L12: ='2026.9.9'!L12+H12 -> 0
G13: SCR N550A | K13: SCR N550A | L13: ='2026.9.9'!L13+H13 -> 0
G14: SCR 5K N550A | K14: SCR 5K N550A | L14: ='2026.9.9'!L14+H14 -> 0
G15: SCR 600A | K15: SCR 600A | L15: ='2026.9.9'!L15+H15 -> 0
G16: SCR N600A | K16: SCR N600A | L16: ='2026.9.9'!L16+H16 -> 0
G17: SCR 5K N600A | K17: SCR 5K N600A | L17: ='2026.9.9'!L17+H17 -> 0
G18: SCR 650A | K18: SCR 650A | L18: ='2026.9.9'!L18+H18 -> 0
G19: SCR 5K 650A | K19: SCR 5K 650A | L19: ='2026.9.9'!L19+H19 -> 0
G20: SCR 700A | K20: SCR 700A | L20: ='2026.9.9'!L20+H20 -> 0
G21: SCR 750A | K21: SCR 750A | L21: ='2026.9.9'!L21+H21 -> 0
G22: SCR 800A | K22: SCR 800A | L22: ='2026.9.9'!L22+H22 -> 0
G23: SCR 5K 400A(세) | K23: SCR 5K 400A(세) | L23: ='2026.9.9'!L23+H23 -> 0
G24: SCR 5K 600A(세) | K24: SCR 5K 600A(세) | L24: ='2026.9.9'!L24+H24 -> 0
... G26: SCR 2400A | K26: SCR 2400A | L26: ='2026.9.9'!L26+H26 -> 0
L27: =SUM(L5:L26) -> 1 | N27: =SUM(N5:N26) -> 12
A29: 자재명 | B29: 재질 | C29: 수량/1대 | D29: 적용모델 | E29: 자재규격 | F29: 전일재고 | G29: 투입수량 | H29: 분실/파손 | I29: 입고수량 | J29: 현재재고 | K29: 조립가능대수 | L29: 안전재고알람
A30: Key | B30: S45C | C30: 2 | D30: SCR 400A-750A공용 | E30: 10×8×35L | F30: ='2026.9.9'!J29 -> 310 | G30: =SUM(H5:H21)*C30 -> 0 | J30: =F30+I30-G30-H30 -> 310 | K30: =J30/C30 -> 155 | L30: =IF(K30<=10,119,"")
A31: Key | B31: S45C | C31: 2 | D31: SCR 800A | E31: 12×8×55L | F31: ='2026.9.9'!J30 -> 240 | G31: =H22*C31 -> 0 | J31: =F31+I31-G31-H31 -> 240 | K31: =J31/C31 -> 120 | L31: =IF(K31<=10,119,"")
A32: Key | B32: S45C | C32: 2 | D32: SCR 5K 400A(세) | E32: 10×8×35L | F32: ='2026.9.9'!J31 -> 17 | G32: =H23*C32 -> 0 | J32: =F32+I32-G32-H32 -> 17 | K32: =J32/C32 -> 8.5 | L32: =IF(K32<=10,119,"") -> 119
A33: Key | B33: S45C | C33: 2 | D33: SCR 5K 600A(세) | E33: 14×9×55L | F33: ='2026.9.9'!J32 -> 17 | G33: =H24*C33 -> 0 | J33: =F33+I33-G33-H33 -> 17 | K33: =J33/C33 -> 8.5 | L33: =IF(K33<=10,119,"") -> 119
A34: Key | B34: S45C | C34: 2 | D34: SCR 2200A/2400A공용 | E34: 25×14×80L | F34: ='2026.9.9'!J33 -> 4 | G34: =SUM(H25:H26)*C34 -> 0 | J34: =F34+I34-G34-H34 -> 4 | K34: =J34/C34 -> 2 | L34: =IF(K34<=10,119,"") -> 119
A35: Key | B35: SUS304 | C35: 2 | D35: ICER 600A | E35: 10×8×45L | F35: ='2026.9.9'!J34 -> 76 | G35: =J7*C35 -> 0 | J35: =F35+I35-G35-H35 -> 76 | K35: =J35/C35 -> 38 | L35: =IF(K35<=10,119,"")
A36: Key | B36: SUS304 | C36: 2 | D36: ICER 700A | E36: 12×8×58L | F36: ='2026.9.9'!J35 -> 2 | G36: =J8*C36 -> 0 | J36: =F36+I36-G36-H36 -> 2 | K36: =J36/C36 -> 1 | L36: =IF(K36<=10,119,"") -> 119
A37: Key | B37: SUS304 | C37: 2 | D37: ICER 800A | E37: 14×9×60L | F37: ='2026.9.9'!J36 -> 69 | G37: =J9*C37 -> 12 | J37: =F37+I37-G37-H37 -> 57 | K37: =J37/C37 -> 28.5 | L37: =IF(K37<=10,119,"")
A38: Key | B38: SUS304 | C38: 2 | D38: ICER 1000A | E38: 14×9×50L | F38: ='2026.9.9'!J37 -> 68 | G38: =J10*C38 -> 0 | J38: =F38+I38-G38-H38 -> 68 | K38: =J38/C38 -> 34 | L38: =IF(K38<=10,119,"")
A39: Key(Adapter) | B39: S45C | C39: 2 | D39: SCR 2200A/2400A공용 | E39: 150×28×16T | F39: ='2026.9.9'!J38 -> 6 | G39: =SUM(H25:H26)*C39 -> 0 | J39: =F39+I39-G39-H39 -> 6 | K39: =J39/C39 -> 3 | L39: =IF(K39<=10,119,"") -> 119
A40: Dust Seal | B40: GRAPHITE | C40: 4 | D40: SCR 400A-600A공용 | E40: 45×35×5L | F40: ='2026.9.9'!J39 -> 304 | G40: =SUM(H5:H16)*C40 -> 0 | J40: =F40+I40-G40-H40 -> 304 | K40: =J40/C40 -> 76 | L40: =IF(K40<=10,119,"")
A41: Dust Seal | B41: GRAPHITE | C41: 4 | D41: SCR 650A-750A공용 | E41: 50×40×5L | F41: ='2026.9.9'!J40 -> 150 | G41: =SUM(H18:H21)*C41 -> 0 | J41: =F41+I41-G41-H41 -> 150 | K41: =J41/C41 -> 37.5 | L41: =IF(K41<=10,119,"")
A42: Dust Seal | B42: GRAPHITE | C42: 4 | D42: SCR 800A | E42: 60×45×7.5L | F42: ='2026.9.9'!J41 -> 262 | G42: =H22*C42 -> 0 | J42: =F42+I42-G42-H42 -> 262 | K42: =J42/C42 -> 65.5 | L42: =IF(K42<=10,119,"")
A43: Dust Seal | B43: GRAPHITE | C43: 4 | D43: SCR 5K 400A(세) | E43: 40×30×5T | F43: ='2026.9.9'!J42 -> 6 | G43: =H23*C43 -> 0 | J43: =F43+I43-G43-H43 -> 6 | K43: =J43/C43 -> 1.5 | L43: =IF(K43<=10,119,"") -> 119
A44: Dust Seal | B44: GRAPHITE | C44: 4 | D44: SCR 5K 600A(세) | E44: 60×50×5T | F44: ='2026.9.9'!J43 -> 6 | G44: =H24*C44 -> 0 | J44: =F44+I44-G44-H44 -> 6 | K44: =J44/C44 -> 1.5 | L44: =IF(K44<=10,119,"") -> 119
A45: Dust Seal | B45: GRAPHITE | C45: 2 | D45: SCR 2200A | E45: 110×90×10T | F45: ='2026.9.9'!J44 -> 0 | G45: =H25*C45 -> 0 | J45: =F45+I45-G45-H45 -> 0 | K45: =J45/C45 -> 0 | L45: =IF(K45<=10,119,"") -> 119
A46: Dust Seal | B46: GRAPHITE | C46: 2 | D46: SCR 2400A | E46: 120×100×10T | F46: ='2026.9.9'!J45 -> 4 | G46: =H26*C46 -> 0 | J46: =F46+I46-G46-H46 -> 4 | K46: =J46/C46 -> 2 | L46: =IF(K46<=10,119,"") -> 119
A47: Dust Seal | B47: GRAPHITE | C47: 4 | D47: ICER 600A | E47: 50×40×5L | F47: ='2026.9.9'!J46 -> 206 | G47: =J7*C47 -> 0 | J47: =F47+I47-G47-H47 -> 206 | K47: =J47/C47 -> 51.5 | L47: =IF(K47<=10,119,"")
A48: Dust Seal | B48: GRAPHITE | C48: 4 | D48: ICER 700A | E48: 55×45×5L | F48: ='2026.9.9'!J47 -> 0 | G48: =J8*C48 -> 0 | J48: =F48+I48-G48-H48 -> 0 | K48: =J48/C48 -> 0 | L48: =IF(K48<=10,119,"") -> 119
A49: Dust Seal | B49: GRAPHITE | C49: 4 | D49: ICER 800A/1000A공용 | E49: 60×50×5L | F49: ='2026.9.9'!J48 -> 300 | G49: =SUM(J9:J10)*C49 -> 24 | J49: =F49+I49-G49-H49 -> 276 | K49: =J49/C49 -> 69 | L49: =IF(K49<=10,119,"")
A50: Packing Ring | B50: GRAPHITE | C50: 8 | D50: SCR 400A-600A공용 | E50: 45×35×5L | F50: ='2026.9.9'!J49 -> 612 | G50: =SUM(H5:H16)*C50 -> 0 | J50: =F50+I50-G50-H50 -> 612 | K50: =J50/C50 -> 76.5 | L50: =IF(K50<=10,119,"")
A51: Packing Ring | B51: GRAPHITE | C51: 8 | D51: SCR 650A-750A공용 | E51: 50×40×5L | F51: ='2026.9.9'!J50 -> 246 | G51: =SUM(H18:H21)*C51 -> 0 | J51: =F51+I51-G51-H51 -> 246 | K51: =J51/C51 -> 30.75 | L51: =IF(K51<=10,119,"")
A52: Packing Ring | B52: GRAPHITE | C52: 8 | D52: SCR 800A | E52: 60×45×7.5L | F52: ='2026.9.9'!J51 -> 530 | G52: =H22*C52 -> 0 | J52: =F52+I52-G52-H52 -> 530 | K52: =J52/C52 -> 66.25 | L52: =IF(K52<=10,119,"")
A53: Packing Ring | B53: GRAPHITE | C53: 5 | D53: SCR 5K 400A(세) | E53: 45×30×7.5T | F53: ='2026.9.9'!J52 -> 10 | G53: =SUM(H23)*C53 -> 0 | J53: =F53+I53-G53-H53 -> 10 | K53: =J53/C53 -> 2 | L53: =IF(K53<=10,119,"") -> 119
A54: Packing Ring | B54: GRAPHITE | C54: 5 | D54: SCR 5K 600A(세) | E54: 70×50×10T | F54: ='2026.9.9'!J53 -> 10 | G54: =SUM(H24)*C54 -> 0 | J54: =F54+I54-G54-H54 -> 10 | K54: =J54/C54 -> 2 | L54: =IF(K54<=10,119,"") -> 119
A55: Packing Ring | B55: GRAPHITE | C55: 8 | D55: SCR 2200A | E55: 110×90×10T | F55: ='2026.9.9'!J54 -> 0 | G55: =SUM(H25)*C55 -> 0 | J55: =F55+I55-G55-H55 -> 0 | K55: =J55/C55 -> 0 | L55: =IF(K55<=10,119,"") -> 119
A56: Packing Ring | B56: GRAPHITE | C56: 8 | D56: SCR 2400A | E56: 120×100×10T | F56: ='2026.9.9'!J55 -> 16 | G56: =SUM(H26)*C56 -> 0 | J56: =F56+I56-G56-H56 -> 16 | K56: =J56/C56 -> 2 | L56: =IF(K56<=10,119,"") -> 119
A57: Packing Ring | B57: GRAPHITE | C57: 5 | D57: ICER 600A | E57: 55×40×7.5 | F57: ='2026.9.9'!J56 -> 180 | G57: =J7*C57 -> 0 | J57: =F57+I57-G57-H57 -> 180 | K57: =J57/C57 -> 36 | L57: =IF(K57<=10,119,"")
A58: Packing Ring | B58: GRAPHITE | C58: 5 | D58: ICER 700A | E58: 60×45×7.5 | F58: ='2026.9.9'!J57 -> 5 | G58: =J8*C58 -> 0 | J58: =F58+I58-G58-H58 -> 5 | K58: =J58/C58 -> 1 | L58: =IF(K58<=10,119,"") -> 119
A59: Packing Ring | B59: GRAPHITE | C59: 5 | D59: ICER 800A/1000A공용 | E59: 65×50×7.5 | F59: ='2026.9.9'!J58 -> 355 | G59: =J10*C59 -> 0 | J59: =F59+I59-G59-H59 -> 355 | K59: =J59/C59 -> 71 | L59: =IF(K59<=10,119,"")
A60: Space Ring | B60: EY306 | C60: 2 | D60: SCR 400A-600A공용 | E60: 45×35×20L | F60: ='2026.9.9'!J59 -> 79 | G60: =SUM(H5:H16)*C60 -> 0 | J60: =F60+I60-G60-H60 -> 79 | K60: =J60/C60 -> 39.5 | L60: =IF(K60<=10,119,"")
A61: Space Ring | B61: EY306 | C61: 2 | D61: SCR 650A-750A공용 | E61: 50×40×50L | F61: ='2026.9.9'!J60 -> 116 | G61: =SUM(H18:H21)*C61 -> 0 | J61: =F61+I61-G61-H61 -> 116 | K61: =J61/C61 -> 58 | L61: =IF(K61<=10,119,"")
A62: Space Ring | B62: EY306 | C62: 2 | D62: SCR 800A | E62: 60×45×50L | F62: ='2026.9.9'!J61 -> 70 | G62: =H22*C62 -> 0 | J62: =F62+I62-G62-H62 -> 70 | K62: =J62/C62 -> 35 | L62: =IF(K62<=10,119,"")
A63: Space Ring | B63: EY306 | C63: 2 | D63: SCR 5K 400A(세) | E63: 40×30×50L | F63: ='2026.9.9'!J62 -> 0 | G63: =H23*C63 -> 0 | J63: =F63+I63-G63-H63 -> 0 | K63: =J63/C63 -> 0 | L63: =IF(K63<=10,119,"") -> 119
A64: Space Ring | B64: EY306 | C64: 2 | D64: SCR 5K 600A(세) | E64: 60×50×75L | F64: ='2026.9.9'!J63 -> 0 | G64: =H24*C64 -> 0 | J64: =F64+I64-G64-H64 -> 0 | K64: =J64/C64 -> 0 | L64: =IF(K64<=10,119,"") -> 119
A65: Space Ring | B65: EY306 | C65: 2 | D65: SCR 2200A | E65: 110×90×20L | F65: ='2026.9.9'!J64 -> 0 | G65: =H25*C65 -> 0 | J65: =F65+I65-G65-H65 -> 0 | K65: =J65/C65 -> 0 | L65: =IF(K65<=10,119,"") -> 119
A66: Space Ring | B66: EY306 | C66: 2 | D66: SCR 2400A | E66: 120×100×20L | F66: ='2026.9.9'!J65 -> 4 | G66: =H26*C66 -> 0 | J66: =F66+I66-G66-H66 -> 4 | K66: =J66/C66 -> 2 | L66: =IF(K66<=10,119,"") -> 119
A67: Space Ring | B67: EY306 | C67: 2 | D67: ICER 600A | E67: 49.95×40.4×77L | F67: ='2026.9.9'!J66 -> 68 | G67: =J7*C67 -> 0 | J67: =F67+I67-G67-H67 -> 68 | K67: =J67/C67 -> 34 | L67: =IF(K67<=10,119,"")
A68: Space Ring | B68: EY306 | C68: 2 | D68: ICER 700A | E68: 54.95×45.4×70L | F68: ='2026.9.9'!J67 -> 0 | G68: =J8*C68 -> 0 | J68: =F68+I68-G68-H68 -> 0 | K68: =J68/C68 -> 0 | L68: =IF(K68<=10,119,"") -> 119
A69: Space Ring | B69: EY306 | C69: 2 | D69: ICER 800A | E69: 59.95×50.4×77L | F69: ='2026.9.9'!J68 -> 84 | G69: =J9*C69 -> 12 | J69: =F69+I69-G69-H69 -> 72 | K69: =J69/C69 -> 36 | L69: =IF(K69<=10,119,"")
A70: Space Ring | B70: EY306 | C70: 2 | D70: ICER 1000A | E70: 60×50×59L | F70: ='2026.9.9'!J69 -> 71 | G70: =J10*C70 -> 0 | J70: =F70+I70-G70-H70 -> 71 | K70: =J70/C70 -> 35.5 | L70: =IF(K70<=10,119,"")
A71: Gland Flange | B71: SUS304 | C71: 2 | D71: SCR 400A-600A공용 | E71: 75×10T | F71: ='2026.9.9'!J70 -> 36 | G71: =SUM(H5:H16)*C71 -> 0 | J71: =F71+I71-G71-H71 -> 36 | K71: =J71/C71 -> 18 | L71: =IF(K71<=10,119,"")
A72: Gland Flange | B72: SUS304 | C72: 2 | D72: SCR 650A-750A공용 | E72: 80×10T | F72: ='2026.9.9'!J71 -> 177 | G72: =SUM(H18:H21)*C72 -> 0 | J72: =F72+I72-G72-H72 -> 177 | K72: =J72/C72 -> 88.5 | L72: =IF(K72<=10,119,"")
A73: Gland Flange | B73: SUS304 | C73: 2 | D73: SCR 800A | E73: 140×15T | F73: ='2026.9.9'!J72 -> 65 | G73: =H22*C73 -> 0 | J73: =F73+I73-G73-H73 -> 65 | K73: =J73/C73 -> 32.5 | L73: =IF(K73<=10,119,"")
A74: Gland Flange | B74: SUS304 | C74: 1 | D74: SCR 5K 400A(세) | E74: 100×15T | F74: ='2026.9.9'!J73 -> 0 | G74: =H23*C74 -> 0 | J74: =F74+I74-G74-H74 -> 0 | K74: =J74/C74 -> 0 | L74: =IF(K74<=10,119,"") -> 119
A75: Gland Flange | B75: SUS304 | C75: 1 | D75: SCR 5K 600A(세) | E75: 125×15T | F75: ='2026.9.9'!J74 -> 0 | G75: =H24*C75 -> 0 | J75: =F75+I75-G75-H75 -> 0 | K75: =J75/C75 -> 0 | L75: =IF(K75<=10,119,"") -> 119
A76: Gland Flange | B76: SUS304 | C76: 2 | D76: SCR 2200A | E76: 160×20T | F76: ='2026.9.9'!J75 -> 0 | G76: =H25*C76 -> 0 | J76: =F76+I76-G76-H76 -> 0 | K76: =J76/C76 -> 0 | L76: =IF(K76<=10,119,"") -> 119
A77: Gland Flange | B77: SUS304 | C77: 2 | D77: SCR 2400A | E77: 170×20T | F77: ='2026.9.9'!J76 -> 4 | G77: =H26*C77 -> 0 | J77: =F77+I77-G77-H77 -> 4 | K77: =J77/C77 -> 2 | L77: =IF(K77<=10,119,"") -> 119
A78: Gland Flange | B78: SUS316 | C78: 1 | D78: ICER 600A | E78: 120×18T | F78: ='2026.9.9'!J77 -> 0 | G78: =J7*C78 -> 0 | J78: =F78+I78-G78-H78 -> 0 | K78: =J78/C78 -> 0 | L78: =IF(K78<=10,119,"") -> 119
A79: Gland Flange | B79: SUS316 | C79: 1 | D79: ICER 700A | E79: 125×18T | F79: ='2026.9.9'!J78 -> 3 | G79: =J8*C79 -> 0 | J79: =F79+I79-G79-H79 -> 3 | K79: =J79/C79 -> 3 | L79: =IF(K79<=10,119,"") -> 119
A80: Gland Flange | B80: SUS316 | C80: 1 | D80: ICER 800A | E80: 130×18T | F80: ='2026.9.9'!J79 -> 6 | G80: =J9*C80 -> 6 | J80: =F80+I80-G80-H80 -> 0 | K80: =J80/C80 -> 0 | L80: =IF(K80<=10,119,"") -> 119
A81: Gland Flange | B81: SUS316 | C81: 1 | D81: ICER 1000A | E81: 130×18T | F81: ='2026.9.9'!J80 -> 2 | G81: =J10*C81 -> 0 | J81: =F81+I81-G81-H81 -> 2 | K81: =J81/C81 -> 2 | L81: =IF(K81<=10,119,"") -> 119
A82: Packing Bush | B82: SUS304 | C82: 2 | D82: SCR 400A-600A공용 | E82: 45×36×17L | F82: ='2026.9.9'!J81 -> 116 | G82: =SUM(H5:H16)*C82 -> 0 | J82: =F82+I82-G82-H82 -> 116 | K82: =J82/C82 -> 58 | L82: =IF(K82<=10,119,"")
A83: Packing Bush | B83: SUS304 | C83: 2 | D83: SCR 650A-750A공용 | E83: 50×41×25L | F83: ='2026.9.9'!J82 -> 62 | G83: =SUM(H18:H21)*C83 -> 0 | J83: =F83+I83-G83-H83 -> 62 | K83: =J83/C83 -> 31 | L83: =IF(K83<=10,119,"")
A84: Packing Bush | B84: SUS304 | C84: 2 | D84: SCR 800A | E84: 60×46×35L | F84: ='2026.9.9'!J83 -> 93 | G84: =H22*C84 -> 0 | J84: =F84+I84-G84-H84 -> 93 | K84: =J84/C84 -> 46.5 | L84: =IF(K84<=10,119,"")
A85: Packing Bush | B85: SUS304 | C85: 1 | D85: SCR 5K 400A(세) | E85: 45×30×37L | F85: ='2026.9.9'!J84 -> 0 | G85: =H23*C85 -> 0 | J85: =F85+I85-G85-H85 -> 0 | K85: =J85/C85 -> 0 | L85: =IF(K85<=10,119,"") -> 119
A86: Packing Bush | B86: SUS304 | C86: 1 | D86: SCR 5K 600A(세) | E86: 70×50×37L | F86: ='2026.9.9'!J85 -> 0 | G86: =H24*C86 -> 0 | J86: =F86+I86-G86-H86 -> 0 | K86: =J86/C86 -> 0 | L86: =IF(K86<=10,119,"") -> 119
A87: Packing Bush | B87: SUS304 | C87: 2 | D87: SCR 2200A | E87: 110×90×35 | F87: ='2026.9.9'!J86 -> 0 | G87: =H25*C87 -> 0 | J87: =F87+I87-G87-H87 -> 0 | K87: =J87/C87 -> 0 | L87: =IF(K87<=10,119,"") -> 119
A88: Packing Bush | B88: SUS304 | C88: 2 | D88: SCR 2400A | E88: 120×100×35 | F88: ='2026.9.9'!J87 -> 4 | G88: =H26*C88 -> 0 | J88: =F88+I88-G88-H88 -> 4 | K88: =J88/C88 -> 2 | L88: =IF(K88<=10,119,"") -> 119
A89: Packing Bush | B89: SUS316 | C89: 1 | D89: ICER 600A | F89: ='2026.9.9'!J88 -> 1 | G89: =J7*C89 -> 0 | J89: =F89+I89-G89-H89 -> 1 | K89: =J89/C89 -> 1 | L89: =IF(K89<=10,119,"") -> 119
A90: Packing Bush | B90: SUS316 | C90: 1 | D90: ICER 700A | F90: ='2026.9.9'!J89 -> 0 | G90: =J8*C90 -> 0 | J90: =F90+I90-G90-H90 -> 0 | K90: =J90/C90 -> 0 | L90: =IF(K90<=10,119,"") -> 119
A91: Packing Bush | B91: SUS316 | C91: 1 | D91: ICER 800A | F91: ='2026.9.9'!J90 -> 7 | G91: =J9*C91 -> 6 | J91: =F91+I91-G91-H91 -> 1 | K91: =J91/C91 -> 1 | L91: =IF(K91<=10,119,"") -> 119
A92: Packing Bush | B92: SUS316 | C92: 1 | D92: ICER 1000A | E92: 65×51×45L | F92: ='2026.9.9'!J91 -> 2 | G92: =J10*C92 -> 0 | J92: =F92+I92-G92-H92 -> 2 | K92: =J92/C92 -> 2 | L92: =IF(K92<=10,119,"") -> 119
A93: Stud Bolt | B93: SUS304 | C93: 8 | D93: SCR 400A-600A공용 | E93: M6×65L | F93: ='2026.9.9'!J92 -> 318 | G93: =SUM(H5:H16)*C93 -> 0 | J93: =F93+I93-G93-H93 -> 318 | K93: =J93/C93 -> 39.75 | L93: =IF(K93<=10,119,"")
A94: Stud Bolt | B94: SUS304 | C94: 8 | D94: SCR 650A-750A공용 | E94: M8×70L | F94: ='2026.9.9'!J93 -> 299 | G94: =SUM(H18:H21)*C94 -> 0 | J94: =F94+I94-G94-H94 -> 299 | K94: =J94/C94 -> 37.375 | L94: =IF(K94<=10,119,"")
A95: Stud Bolt | B95: SUS304 | C95: 8 | D95: SCR 800A | E95: M10×75L | F95: ='2026.9.9'!J94 -> 686 | G95: =H22*C95 -> 0 | J95: =F95+I95-G95-H95 -> 686 | K95: =J95/C95 -> 85.75 | L95: =IF(K95<=10,119,"")
A96: Stud Bolt | B96: SUS304 | C96: 4 | D96: SCR 5K 400A-600A(세)공용 | E96: M12×95L | F96: ='2026.9.9'!J95 -> 2 | G96: =SUM(H23:H24)*C96 -> 0 | J96: =F96+I96-G96-H96 -> 2 | K96: =J96/C96 -> 0.5 | L96: =IF(K96<=10,119,"") -> 119
A97: Stud Bolt | B97: SUS304 | C97: 8 | D97: SCR 2200A/2400A공용 | E97: M12×100L | F97: ='2026.9.9'!J96 -> 23 | G97: =SUM(H25:H26)*C97 -> 0 | J97: =F97+I97-G97-H97 -> 23 | K97: =J97/C97 -> 2.875 | L97: =IF(K97<=10,119,"") -> 119
A98: Stud Bolt | B98: A4-80 | C98: 4 | D98: ICER 600A | E98: M12×110L | F98: ='2026.9.9'!J97 -> 138 | G98: =J7*C98 -> 0 | J98: =F98+I98-G98-H98 -> 138 | K98: =J98/C98 -> 34.5 | L98: =IF(K98<=10,119,"")
A99: Stud Bolt | B99: A4-80 | C99: 4 | D99: ICER 700A/800A공용 | E99: M16×120L | F99: ='2026.9.9'!J98 -> 147 | G99: =SUM(J8:J9)*C99 -> 24 | J99: =F99+I99-G99-H99 -> 123 | K99: =J99/C99 -> 30.75 | L99: =IF(K99<=10,119,"")
A100: Stud Bolt | B100: A4-80 | C100: 4 | D100: ICER 1000A | E100: M16×130L | F100: ='2026.9.9'!J99 -> 145 | G100: =J10*C100 -> 0 | J100: =F100+I100-G100-H100 -> 145 | K100: =J100/C100 -> 36.25 | L100: =IF(K100<=10,119,"")
A101: Bearing Seat | B101: C2604 | C101: 2 | D101: SCR 400A-600A공용 | E101: 40×4L | F101: ='2026.9.9'!J100 -> 122 | G101: =SUM(H5:H16)*C101 -> 0 | J101: =F101+I101-G101-H101 -> 122 | K101: =J101/C101 -> 61 | L101: =IF(K101<=10,119,"")
A102: Bearing Seat | B102: C2604 | C102: 2 | D102: SCR 650A-750A공용 | E102: 45×5L | F102: ='2026.9.9'!J101 -> 37 | G102: =SUM(H18:H21)*C102 -> 0 | J102: =F102+I102-G102-H102 -> 37 | K102: =J102/C102 -> 18.5 | L102: =IF(K102<=10,119,"")
A103: Bearing Seat | B103: C2604 | C103: 2 | D103: SCR 800A | E103: 50×5L | F103: ='2026.9.9'!J102 -> 94 | G103: =H22*C103 -> 0 | J103: =F103+I103-G103-H103 -> 94 | K103: =J103/C103 -> 47 | L103: =IF(K103<=10,119,"")
A104: Bearing Seat | B104: C3604 | C104: 2 | D104: SCR 2200A | E104: 105×20 | F104: ='2026.9.9'!J103 -> 0 | G104: =H25*C104 -> 0 | J104: =F104+I104-G104-H104 -> 0 | K104: =J104/C104 -> 0 | L104: =IF(K104<=10,119,"") -> 119
...

Sheet 2026.9.11
G2: DAMPER 모델별 조립실적(2026.9.8~) | O2: DAMPER 모델별 조립계획(2026.10)
G3: SCR-LP | H3: 금일조립수량 | I3: ICER | J3: 금일조립수량 | K3: SCR-LP | L3: 누계 | M3: ICER | N3: 누계 | O3: SCR-LP | P3: 10월계획 | Q3: ICER | R3: 10월계획
G4: SCR N400A | K4: SCR N400A | L4: =H4+'2026.9.10'!L5 -> 0 | O4: SCR N400A
G5: SCR N450 | K5: SCR N450 | L5: =H5+'2026.9.10'!L6 -> 0 | O5: SCR N450 | P5: 6
G6: SCR 400A | I6: ICER 600A | K6: SCR 400A | L6: =H6+'2026.9.10'!L7 -> 0 | M6: ICER 600A | N6: ='2026.9.10'!N7+J6 -> 0 | O6: SCR 400A | Q6: ICER 600A | R6: 13
G7: SCR 450A | I7: ICER 700A | K7: SCR 450A | L7: =H7+'2026.9.10'!L8 -> 0 | M7: ICER 700A | N7: ='2026.9.10'!N8+J7 -> 0 | O7: SCR 450A | Q7: ICER 700A
G8: SCR 500A | I8: ICER 800A | K8: SCR 500A | L8: =H8+'2026.9.10'!L9 -> 0 | M8: ICER 800A | N8: ='2026.9.10'!N9+J8 -> 8 | O8: SCR 500A | P8: 12 | Q8: ICER 800A | R8: 10
G9: SCR N500A | I9: ICER 1000A | J9: 2 | K9: SCR N500A | L9: =H9+'2026.9.10'!L10 -> 0 | M9: ICER 1000A | N9: ='2026.9.10'!N10+J9 -> 6 | O9: SCR N500A | P9: 6 | Q9: ICER 1000A | R9: 10
G10: SCR 5K N500A | K10: SCR 5K N500A | L10: =H10+'2026.9.10'!L11 -> 0 | O10: SCR 5K N500A | P10: 8
A11: DAMPER 조립 자재 재고현황 | G11: SCR 550A | K11: SCR 550A | L11: =H11+'2026.9.10'!L12 -> 0 | O11: SCR 550A
G12: SCR N550A | K12: SCR N550A | L12: =H12+'2026.9.10'!L13 -> 0 | O12: SCR N550A
G13: SCR 5K N550A | K13: SCR 5K N550A | L13: =H13+'2026.9.10'!L14 -> 0 | O13: SCR 5K N550A
G14: SCR 600A | K14: SCR 600A | L14: =H14+'2026.9.10'!L15 -> 0 | O14: SCR 600A | P14: 28
G15: SCR N600A | K15: SCR N600A | L15: =H15+'2026.9.10'!L16 -> 0 | O15: SCR N600A
G16: SCR 5K N600A | K16: SCR 5K 600A | L16: =H16+'2026.9.10'!L17 -> 0 | O16: SCR 5K N600A | P16: 4
G17: SCR 650A | K17: SCR 650A | L17: =H17+'2026.9.10'!L18 -> 0 | O17: SCR 650A | P17: 7
G18: SCR 5K 650A | K18: SCR 5K 650A | L18: =H18+'2026.9.10'!L19 -> 0 | O18: SCR 5K 650A | P18: 4
G19: SCR 700A | K19: SCR 700A | L19: =H19+'2026.9.10'!L20 -> 0 | O19: SCR 700A | P19: 5
G20: SCR 750A | K20: SCR 750A | L20: =H20+'2026.9.10'!L21 -> 0 | O20: SCR 750A | P20: 3
G21: SCR 800A | K21: SCR 800A | L21: =H21+'2026.9.10'!L22 -> 0 | O21: SCR 800A | P21: 17
G22: SCR 5K 400A(세) | K22: SCR 5K 400A(세) | L22: =H22+'2026.9.10'!L23 -> 0 | O22: SCR 5K 400A(세)
G23: SCR 5K 600A(세) | K23: SCR 5K 600A(세) | L23: =H23+'2026.9.10'!L24 -> 0 | O23: SCR 5K 600A(세)
G24: SCR 2200A | K24: SCR 2200A | L24: =H24+'2026.9.10'!L25 -> 1 | O24: SCR 2200A
G25: SCR 2400A | K25: SCR 2400A | L25: =H25+'2026.9.10'!L26 -> 0 | O25: SCR 2400A
L26: =SUM(L4:L25) -> 1 | N26: =SUM(N4:N25) -> 14 | P26: =SUM(P4:P25) -> 100 | R26: =SUM(R4:R25) -> 33
A28: 자재명 | B28: 재질 | C28: 수량/1대 | D28: 적용모델 | E28: 자재규격 | F28: 전일재고 | G28: 투입수량 | H28: 분실/파손/불용 | I28: 입고수량 | J28: 현재재고 | K28: 조립가능대수 | L28: 안전재고알람 | M28: 투입계획 | N28: 과부족
A29: Disc | B29: SS400/SB480 | C29: 1 | D29: SCR N400A | G29: =H4*C29 -> 0 | J29: =F29+I29-G29-H29 -> 0 | K29: =J29/C29 -> 0 | L29: =IF(J29<M29,119,"") | M29: =P4*C29 -> 0 | N29: =J29-M29 -> 0
A30: Disc | B30: SS400/SB480 | C30: 1 | D30: SCR N450 | G30: =H5*C30 -> 0 | J30: =F30+I30-G30-H30 -> 0 | K30: =J30/C30 -> 0 | L30: =IF(J30<M30,119,"") -> 119 | M30: =P5*C30 -> 6 | N30: =J30-M30 -> -6
A31: Disc | B31: SS400/SB480 | C31: 1 | D31: SCR 400A | G31: =H6*C31 -> 0 | J31: =F31+I31-G31-H31 -> 0 | K31: =J31/C31 -> 0 | L31: =IF(J31<M31,119,"") | M31: =P6*C31 -> 0 | N31: =J31-M31 -> 0
A32: Disc | B32: SS400/SB480 | C32: 1 | D32: SCR 450A | G32: =H7*C32 -> 0 | J32: =F32+I32-G32-H32 -> 0 | K32: =J32/C32 -> 0 | L32: =IF(J32<M32,119,"") | M32: =P7*C32 -> 0 | N32: =J32-M32 -> 0
A33: Disc | B33: SS400/SB480 | C33: 1 | D33: SCR 500A | G33: =H8*C33 -> 0 | J33: =F33+I33-G33-H33 -> 0 | K33: =J33/C33 -> 0 | L33: =IF(J33<M33,119,"") -> 119 | M33: =P8*C33 -> 12 | N33: =J33-M33 -> -12
A34: Disc | B34: SS400/SB480 | C34: 1 | D34: SCR N500A | G34: =H9*C34 -> 0 | J34: =F34+I34-G34-H34 -> 0 | K34: =J34/C34 -> 0 | L34: =IF(J34<M34,119,"") -> 119 | M34: =P9*C34 -> 6 | N34: =J34-M34 -> -6
A35: Disc | B35: SS400/SB480 | C35: 1 | D35: SCR 5K N500A | G35: =H10*C35 -> 0 | J35: =F35+I35-G35-H35 -> 0 | K35: =J35/C35 -> 0 | L35: =IF(J35<M35,119,"") -> 119 | M35: =P10*C35 -> 8 | N35: =J35-M35 -> -8
A36: Disc | B36: SS400/SB480 | C36: 1 | D36: SCR 550A | G36: =H11*C36 -> 0 | J36: =F36+I36-G36-H36 -> 0 | K36: =J36/C36 -> 0 | L36: =IF(J36<M36,119,"") | M36: =P11*C36 -> 0 | N36: =J36-M36 -> 0
A37: Disc | B37: SS400/SB480 | C37: 1 | D37: SCR N550A | G37: =H12*C37 -> 0 | J37: =F37+I37-G37-H37 -> 0 | K37: =J37/C37 -> 0 | L37: =IF(J37<M37,119,"") | M37: =P12*C37 -> 0 | N37: =J37-M37 -> 0
A38: Disc | B38: SS400/SB480 | C38: 1 | D38: SCR 5K N550A | G38: =H13*C38 -> 0 | J38: =F38+I38-G38-H38 -> 0 | K38: =J38/C38 -> 0 | L38: =IF(J38<M38,119,"") | M38: =P13*C38 -> 0 | N38: =J38-M38 -> 0
A39: Disc | B39: SS400/SB480 | C39: 1 | D39: SCR 600A | G39: =H14*C39 -> 0 | J39: =F39+I39-G39-H39 -> 0 | K39: =J39/C39 -> 0 | L39: =IF(J39<M39,119,"") -> 119 | M39: =P14*C39 -> 28 | N39: =J39-M39 -> -28
A40: Disc | B40: SS400/SB480 | C40: 1 | D40: SCR N600A | G40: =H15*C40 -> 0 | J40: =F40+I40-G40-H40 -> 0 | K40: =J40/C40 -> 0 | L40: =IF(J40<M40,119,"") | M40: =P15*C40 -> 0 | N40: =J40-M40 -> 0
... A50: Disc | B50: SS400 | C50: 1 | D50: SCR 2400A | G50: =H25*C50 -> 0 | J50: =F50+I50-G50-H50 -> 0 | K50: =J50/C50 -> 0 | L50: =IF(J50<M50,119,"") | M50: =P25*C50 -> 0 | N50: =J50-M50 -> 0
A51: Disc | B51: SUS316 | C51: 1 | D51: ICER 600A | G51: =J6*C51 -> 0 | J51: =F51+I51-G51-H51 -> 0 | K51: =J51/C51 -> 0 | L51: =IF(J51<M51,119,"") -> 119 | M51: =R6*C51 -> 13 | N51: =J51-M51 -> -13
A52: Disc | B52: SUS316 | C52: 1 | D52: ICER 700A | G52: =J7*C52 -> 0 | J52: =F52+I52-G52-H52 -> 0 | K52: =J52/C52 -> 0 | L52: =IF(J52<M52,119,"") | M52: =R7*C52 -> 0 | N52: =J52-M52 -> 0
A53: Disc | B53: SUS308 | C53: 1 | D53: ICER 800A | G53: =J8*C53 -> 0 | J53: =F53+I53-G53-H53 -> 0 | K53: =J53/C53 -> 0 | L53: =IF(J53<M53,119,"") -> 119 | M53: =R8*C53 -> 10 | N53: =J53-M53 -> -10
A54: Disc | B54: SUS308 | C54: 1 | D54: ICER 1000A | F54: 2 | G54: =J9*C54 -> 2 | J54: =F54+I54-G54-H54 -> 0 | K54: =J54/C54 -> 0 | L54: =IF(J54<M54,119,"") -> 119 | M54: =R9*C54 -> 10 | N54: =J54-M54 -> -10
A55: Body | B55: SS400/SB480 | C55: 1 | D55: SCR N400A | G55: =H4*C55 -> 0 | J55: =F55+I55-G55-H55 -> 0 | K55: =J55/C55 -> 0 | L55: =IF(J55<M55,119,"") | M55: =P4*C55 -> 0 | N55: =J55-M55 -> 0
A56: Body | B56: SS400/SB480 | C56: 1 | D56: SCR N450 | G56: =H5*C56 -> 0 | J56: =F56+I56-G56-H56 -> 0 | K56: =J56/C56 -> 0 | L56: =IF(J56<M56,119,"") -> 119 | M56: =P5*C56 -> 6 | N56: =J56-M56 -> -6
A57: Body | B57: SS400/SB480 | C57: 1 | D57: SCR 400A | G57: =H6*C57 -> 0 | J57: =F57+I57-G57-H57 -> 0 | K57: =J57/C57 -> 0 | L57: =IF(J57<M57,119,"") | M57: =P6*C57 -> 0 | N57: =J57-M57 -> 0
A58: Body | B58: SS400/SB480 | C58: 1 | D58: SCR 450A | G58: =H7*C58 -> 0 | J58: =F58+I58-G58-H58 -> 0 | K58: =J58/C58 -> 0 | L58: =IF(J58<M58,119,"") | M58: =P7*C58 -> 0 | N58: =J58-M58 -> 0
A59: Body | B59: SS400/SB480 | C59: 1 | D59: SCR 500A | G59: =H8*C59 -> 0 | J59: =F59+I59-G59-H59 -> 0 | K59: =J59/C59 -> 0 | L59: =IF(J59<M59,119,"") -> 119 | M59: =P8*C59 -> 12 | N59: =J59-M59 -> -12
A60: Body | B60: SS400/SB480 | C60: 1 | D60: SCR N500A | G60: =H9*C60 -> 0 | J60: =F60+I60-G60-H60 -> 0 | K60: =J60/C60 -> 0 | L60: =IF(J60<M60,119,"") -> 119 | M60: =P9*C60 -> 6 | N60: =J60-M60 -> -6
A61: Body | B61: SS400/SB480 | C61: 1 | D61: SCR 5K N500A | G61: =H10*C61 -> 0 | J61: =F61+I61-G61-H61 -> 0 | K61: =J61/C61 -> 0 | L61: =IF(J61<M61,119,"") -> 119 | M61: =P10*C61 -> 8 | N61: =J61-M61 -> -8
A62: Body | B62: SS400/SB480 | C62: 1 | D62: SCR 550A | G62: =H11*C62 -> 0 | J62: =F62+I62-G62-H62 -> 0 | K62: =J62/C62 -> 0 | L62: =IF(J62<M62,119,"") | M62: =P11*C62 -> 0 | N62: =J62-M62 -> 0
A63: Body | B63: SS400/SB480 | C63: 1 | D63: SCR N550A | G63: =H12*C63 -> 0 | J63: =F63+I63-G63-H63 -> 0 | K63: =J63/C63 -> 0 | L63: =IF(J63<M63,119,"") | M63: =P12*C63 -> 0 | N63: =J63-M63 -> 0
A64: Body | B64: SS400/SB480 | C64: 1 | D64: SCR 5K N550A | G64: =H13*C64 -> 0 | J64: =F64+I64-G64-H64 -> 0 | K64: =J64/C64 -> 0 | L64: =IF(J64<M64,119,"") | M64: =P13*C64 -> 0 | N64: =J64-M64 -> 0
A65: Body | B65: SS400/SB480 | C65: 1 | D65: SCR 600A | G65: =H14*C65 -> 0 | J65: =F65+I65-G65-H65 -> 0 | K65: =J65/C65 -> 0 | L65: =IF(J65<M65,119,"") -> 119 | M65: =P14*C65 -> 28 | N65: =J65-M65 -> -28
A66: Body | B66: SS400/SB480 | C66: 1 | D66: SCR N600A | G66: =H15*C66 -> 0 | J66: =F66+I66-G66-H66 -> 0 | K66: =J66/C66 -> 0 | L66: =IF(J66<M66,119,"") | M66: =P15*C66 -> 0 | N66: =J66-M66 -> 0
... A76: Body | B76: SS400 | C76: 1 | D76: SCR 2400A | G76: =H25*C76 -> 0 | J76: =F76+I76-G76-H76 -> 0 | K76: =J76/C76 -> 0 | L76: =IF(J76<M76,119,"") | M76: =P25*C76 -> 0 | N76: =J76-M76 -> 0
A77: Body | B77: SUS316 | C77: 1 | D77: ICER 600A | G77: =J6*C77 -> 0 | J77: =F77+I77-G77-H77 -> 0 | K77: =J77/C77 -> 0 | L77: =IF(J77<M77,119,"") -> 119 | M77: =R6 -> 13 | N77: =J77-M77 -> -13
A78: Body | B78: SUS316 | C78: 1 | D78: ICER 700A | G78: =J7*C78 -> 0 | J78: =F78+I78-G78-H78 -> 0 | K78: =J78/C78 -> 0 | L78: =IF(J78<M78,119,"") | M78: =R7 -> 0 | N78: =J78-M78 -> 0
A79: Body | B79: SUS308 | C79: 1 | D79: ICER 800A | G79: =J8*C79 -> 0 | J79: =F79+I79-G79-H79 -> 0 | K79: =J79/C79 -> 0 | L79: =IF(J79<M79,119,"") -> 119 | M79: =R8 -> 10 | N79: =J79-M79 -> -10
A80: Body | B80: SUS308 | C80: 1 | D80: ICER 1000A | F80: 2 | G80: =J9*C80 -> 2 | J80: =F80+I80-G80-H80 -> 0 | K80: =J80/C80 -> 0 | L80: =IF(J80<M80,119,"") -> 119 | M80: =R9 -> 10 | N80: =J80-M80 -> -10
A81: Key | B81: S45C | C81: 2 | D81: SCR 400A-750A공용 | E81: 10×8×35L | F81: ='2026.9.9'!J29 -> 310 | G81: =SUM(H4:H20)*C81 -> 0 | J81: =F81+I81-G81-H81 -> 310 | K81: =J81/C81 -> 155 | L81: =IF(J81<M81,119,"") | M81: =SUM(P4:P20)*C81 -> 166 | N81: =J81-M81 -> 144
A82: Key | B82: S45C | C82: 2 | D82: SCR 800A | E82: 12×8×55L | F82: ='2026.9.9'!J30 -> 240 | G82: =H21*C82 -> 0 | J82: =F82+I82-G82-H82 -> 240 | K82: =J82/C82 -> 120 | L82: =IF(J82<M82,119,"") | M82: =P21*C82 -> 34 | N82: =J82-M82 -> 206
A83: Key | B83: S45C | C83: 2 | D83: SCR 5K 400A(세) | E83: 10×8×35L | F83: ='2026.9.9'!J31 -> 17 | G83: =H22*C83 -> 0 | J83: =F83+I83-G83-H83 -> 17 | K83: =J83/C83 -> 8.5 | L83: =IF(J83<M83,119,"") | M83: =P22*C83 -> 0 | N83: =J83-M83 -> 17
A84: Key | B84: S45C | C84: 2 | D84: SCR 5K 600A(세) | E84: 14×9×55L | F84: ='2026.9.9'!J32 -> 17 | G84: =H23*C84 -> 0 | J84: =F84+I84-G84-H84 -> 17 | K84: =J84/C84 -> 8.5 | L84: =IF(J84<M84,119,"") | M84: =P23*C84 -> 0 | N84: =J84-M84 -> 17
A85: Key | B85: S45C | C85: 2 | D85: SCR 2200A/2400A공용 | E85: 25×14×80L | F85: ='2026.9.9'!J33 -> 4 | G85: =SUM(H24:H25)*C85 -> 0 | J85: =F85+I85-G85-H85 -> 4 | K85: =J85/C85 -> 2 | L85: =IF(J85<M85,119,"") | M85: =SUM(P24:P25)*C85 -> 0 | N85: =J85-M85 -> 4
A86: Key | B86: SUS304 | C86: 2 | D86: ICER 600A | E86: 10×8×45L | F86: ='2026.9.9'!J34 -> 76 | G86: =J6*C86 -> 0 | J86: =F86+I86-G86-H86 -> 76 | K86: =J86/C86 -> 38 | L86: =IF(J86<M86,119,"") | M86: =R6*C86 -> 26 | N86: =J86-M86 -> 50
A87: Key | B87: SUS304 | C87: 2 | D87: ICER 700A | E87: 12×8×58L | F87: ='2026.9.9'!J35 -> 2 | G87: =J7*C87 -> 0 | J87: =F87+I87-G87-H87 -> 2 | K87: =J87/C87 -> 1 | L87: =IF(J87<M87,119,"") | M87: =R7*C87 -> 0 | N87: =J87-M87 -> 2
A88: Key | B88: SUS304 | C88: 2 | D88: ICER 800A | E88: 14×9×60L | F88: ='2026.9.9'!J36 -> 69 | G88: =J8*C88 -> 0 | J88: =F88+I88-G88-H88 -> 69 | K88: =J88/C88 -> 34.5 | L88: =IF(J88<M88,119,"") | M88: =R8*C88 -> 20 | N88: =J88-M88 -> 49
A89: Key | B89: SUS304 | C89: 2 | D89: ICER 1000A | E89: 14×9×50L | F89: ='2026.9.9'!J37 -> 68 | G89: =J9*C89 -> 4 | J89: =F89+I89-G89-H89 -> 64 | K89: =J89/C89 -> 32 | L89: =IF(J89<M89,119,"") | M89: =R9*C89 -> 20 | N89: =J89-M89 -> 44
A90: Key(Adapter) | B90: S45C | C90: 2 | D90: SCR 2200A/2400A공용 | E90: 150×28×16T | F90: ='2026.9.9'!J38 -> 6 | G90: =SUM(H24:H25)*C90 -> 0 | J90: =F90+I90-G90-H90 -> 6 | K90: =J90/C90 -> 3 | L90: =IF(J90<M90,119,"") | M90: =SUM(P24:P25)*C90 -> 0 | N90: =J90-M90 -> 6
A91: Dust Seal | B91: GRAPHITE | C91: 4 | D91: SCR 400A-600A공용 | E91: 45×35×5L | F91: ='2026.9.9'!J39 -> 304 | G91: =SUM(H4:H15)*C91 -> 0 | J91: =F91+I91-G91-H91 -> 304 | K91: =J91/C91 -> 76 | L91: =IF(J91<M91,119,"") | M91: =SUM(P4:P16)*C91 -> 256 | N91: =J91-M91 -> 48
A92: Dust Seal | B92: GRAPHITE | C92: 4 | D92: SCR 650A-750A공용 | E92: 50×40×5L | F92: ='2026.9.9'!J40 -> 150 | G92: =SUM(H17:H20)*C92 -> 0 | J92: =F92+I92-G92-H92 -> 150 | K92: =J92/C92 -> 37.5 | L92: =IF(J92<M92,119,"") | M92: =SUM(P17:P20)*C92 -> 76 | N92: =J92-M92 -> 74
A93: Dust Seal | B93: GRAPHITE | C93: 4 | D93: SCR 800A | E93: 60×45×7.5L | F93: ='2026.9.9'!J41 -> 262 | G93: =H21*C93 -> 0 | J93: =F93+I93-G93-H93 -> 262 | K93: =J93/C93 -> 65.5 | L93: =IF(J93<M93,119,"") | M93: =P21*C93 -> 68 | N93: =J93-M93 -> 194
A94: Dust Seal | B94: GRAPHITE | C94: 4 | D94: SCR 5K 400A(세) | E94: 40×30×5T | F94: ='2026.9.9'!J42 -> 6 | G94: =H22*C94 -> 0 | J94: =F94+I94-G94-H94 -> 6 | K94: =J94/C94 -> 1.5 | L94: =IF(J94<M94,119,"") | M94: =P22*C94 -> 0 | N94: =J94-M94 -> 6
A95: Dust Seal | B95: GRAPHITE | C95: 4 | D95: SCR 5K 600A(세) | E95: 60×50×5T | F95: ='2026.9.9'!J43 -> 6 | G95: =H23*C95 -> 0 | J95: =F95+I95-G95-H95 -> 6 | K95: =J95/C95 -> 1.5 | L95: =IF(J95<M95,119,"") | M95: =P23*C95 -> 0 | N95: =J95-M95 -> 6
A96: Dust Seal | B96: GRAPHITE | C96: 2 | D96: SCR 2200A | E96: 110×90×10T | F96: ='2026.9.9'!J44 -> 0 | G96: =H24*C96 -> 0 | J96: =F96+I96-G96-H96 -> 0 | K96: =J96/C96 -> 0 | L96: =IF(J96<M96,119,"") | M96: =P24*C96 -> 0 | N96: =J96-M96 -> 0
A97: Dust Seal | B97: GRAPHITE | C97: 2 | D97: SCR 2400A | E97: 120×100×10T | F97: ='2026.9.9'!J45 -> 4 | G97: =H25*C97 -> 0 | J97: =F97+I97-G97-H97 -> 4 | K97: =J97/C97 -> 2 | L97: =IF(J97<M97,119,"") | M97: =P25*C97 -> 0 | N97: =J97-M97 -> 4
A98: Dust Seal | B98: GRAPHITE | C98: 4 | D98: ICER 600A | E98: 50×40×5L | F98: ='2026.9.9'!J46 -> 206 | G98: =J6*C98 -> 0 | J98: =F98+I98-G98-H98 -> 206 | K98: =J98/C98 -> 51.5 | L98: =IF(J98<M98,119,"") | M98: =SUM(R6)*C98 -> 52 | N98: =J98-M98 -> 154
A99: Dust Seal | B99: GRAPHITE | C99: 4 | D99: ICER 700A | E99: 55×45×5L | F99: ='2026.9.9'!J47 -> 0 | G99: =J7*C99 -> 0 | J99: =F99+I99-G99-H99 -> 0 | K99: =J99/C99 -> 0 | L99: =IF(J99<M99,119,"") | M99: =SUM(R7)*C99 -> 0 | N99: =J99-M99 -> 0
A100: Dust Seal | B100: GRAPHITE | C100: 4 | D100: ICER 800A/1000A공용 | E100: 60×50×5L | F100: ='2026.9.9'!J48 -> 300 | G100: =SUM(J8:J9)*C100 -> 8 | J100: =F100+I100-G100-H100 -> 292 | K100: =J100/C100 -> 73 | L100: =IF(J100<M100,119,"") | M100: =SUM(R8:R9)*C100 -> 80 | N100: =J100-M100 -> 212
A101: Packing Ring | B101: GRAPHITE | C101: 8 | D101: SCR 400A-600A공용 | E101: 45×35×5L | F101: ='2026.9.9'!J49 -> 612 | G101: =SUM(H4:H15)*C101 -> 0 | J101: =F101+I101-G101-H101 -> 612 | K101: =J101/C101 -> 76.5 | L101: =IF(J101<M101,119,"") | M101: =SUM(P4:P16)*C101 -> 512 | N101: =J101-M101 -> 100
A102: Packing Ring | B102: GRAPHITE | C102: 8 | D102: SCR 650A-750A공용 | E102: 50×40×5L | F102: ='2026.9.9'!J50 -> 246 | G102: =SUM(H17:H20)*C102 -> 0 | J102: =F102+I102-G102-H102 -> 246 | K102: =J102/C102 -> 30.75 | L102: =IF(J102<M102,119,"") | M102: =SUM(P17:P20)*C101 -> 152 | N102: =J102-M102 -> 94
A103: Packing Ring | B103: GRAPHITE | C103: 8 | D103: SCR 800A | E103: 60×45×7.5L | F103: ='2026.9.9'!J51 -> 530 | G103: =H21*C103 -> 0 | J103: =F103+I103-G103-H103 -> 530 | K103: =J103/C103 -> 66.25 | L103: =IF(J103<M102,119,"") | M103: =P21*C103 -> 136 | N103: =J103-M103 -> 394
A104: Packing Ring | B104: GRAPHITE | C104: 5 | D104: SCR 5K 400A(세) | E104: 45×30×7.5T | F104: ='2026.9.9'!J52 -> 10 | G104: =SUM(H22)*C104 -> 0 | J104: =F104+I104-G104-H104 -> 10 | K104: =J104/C104 -> 2 | L104: =IF(J104<M104,119,"") | M104: =P22*C104 -> 0 | N104: =J104-M104 -> 10
A105: Packing Ring | B105: GRAPHITE | C105: 5 | D105: SCR 5K 600A(세) | E105: 70×50×10T | F105: ='2026.9.9'!J53 -> 10 | G105: =SUM(H23)*C105 -> 0 | J105: =F105+I105-G105-H105 -> 10 | K105: =J105/C105 -> 2 | L105: =IF(J105<M105,119,"") | M105: =P23*C105 -> 0 | N105: =J105-M105 -> 10
A106: Packing Ring | B106: GRAPHITE | C106: 8 | D106: SCR 2200A | E106: 110×90×10T | F106: ='2026.9.9'!J54 -> 0 | G106: =SUM(H24)*C106 -> 0 | J106: =F106+I106-G106-H106 -> 0 | K106: =J106/C106 -> 0 | L106: =IF(J106<M106,119,"") | M106: =P24*C106 -> 0 | N106: =J106-M106 -> 0
A107: Packing Ring | B107: GRAPHITE | C107: 8 | D107: SCR 2400A | E107: 120×100×10T | F107: ='2026.9.9'!J55 -> 16 | G107: =SUM(H25)*C107 -> 0 | J107: =F107+I107-G107-H107 -> 16 | K107: =J107/C107 -> 2 | L107: =IF(J107<M107,119,"") | M107: =P25*C107 -> 0 | N107: =J107-M107 -> 16
A108: Packing Ring | B108: GRAPHITE | C108: 5 | D108: ICER 600A | E108: 55×40×7.5 | F108: ='2026.9.9'!J56 -> 180 | G108: =J6*C108 -> 0 | J108: =F108+I108-G108-H108 -> 180 | K108: =J108/C108 -> 36 | L108: =IF(J108<M108,119,"") | M108: =R6*C108 -> 65 | N108: =J108-M108 -> 115
A109: Packing Ring | B109: GRAPHITE | C109: 5 | D109: ICER 700A | E109: 60×45×7.5 | F109: ='2026.9.9'!J57 -> 5 | G109: =J7*C109 -> 0 | J109: =F109+I109-G109-H109 -> 5 | K109: =J109/C109 -> 1 | L109: =IF(J109<M109,119,"") | M109: =R7*C109 -> 0 | N109: =J109-M109 -> 5
A110: Packing Ring | B110: GRAPHITE | C110: 5 | D110: ICER 800A/1000A공용 | E110: 65×50×7.5 | F110: ='2026.9.9'!J58 -> 355 | G110: =J9*C110 -> 10 | J110: =F110+I110-G110-H110 -> 345 | K110: =J110/C110 -> 69 | L110: =IF(J110<M110,119,"") | M110: =SUM(R8:R9)*C110 -> 100 | N110: =J110-M110 -> 245
A111: Space Ring | B111: EY306 | C111: 2 | D111: SCR 400A-600A공용 | E111: 45×35×20L | F111: ='2026.9.9'!J59 -> 79 | G111: =SUM(H4:H15)*C111 -> 0 | J111: =F111+I111-G111-H111 -> 79 | K111: =J111/C111 -> 39.5 | L111: =IF(J111<M111,119,"") -> 119 | M111: =SUM(P4:P16)*C111 -> 128 | N111: =J111-M111 -> -49
A112: Space Ring | B112: EY306 | C112: 2 | D112: SCR 650A-750A공용 | E112: 50×40×50L | F112: ='2026.9.9'!J60 -> 116 | G112: =SUM(H17:H20)*C112 -> 0 | J112: =F112+I112-G112-H112 -> 116 | K112: =J112/C112 -> 58 | L112: =IF(J112<M112,119,"") | M112: =SUM(P17:P20)*C112 -> 38 | N112: =J112-M112 -> 78
A113: Space Ring | B113: EY306 | C113: 2 | D113: SCR 800A | E113: 60×45×50L | F113: ='2026.9.9'!J61 -> 70 | G113: =H21*C113 -> 0 | J113: =F113+I113-G113-H113 -> 70 | K113: =J113/C113 -> 35 | L113: =IF(J113<M113,119,"") | M113: =P21*C113 -> 34 | N113: =J113-M113 -> 36
A114: Space Ring | B114: EY306 | C114: 2 | D114: SCR 5K 400A(세) | E114: 40×30×50L | F114: ='2026.9.9'!J62 -> 0 | G114: =H22*C114 -> 0 | J114: =F114+I114-G114-H114 -> 0 | K114: =J114/C114 -> 0 | L114: =IF(J114<M114,119,"") | M114: =P22*C114 -> 0 | N114: =J114-M114 -> 0
A115: Space Ring | B115: EY306 | C115: 2 | D115: SCR 5K 600A(세) | E115: 60×50×75L | F115: ='2026.9.9'!J63 -> 0 | G115: =H23*C115 -> 0 | J115: =F115+I115-G115-H115 -> 0 | K115: =J115/C115 -> 0 | L115: =IF(J115<M115,119,"") | M115: =P23*C115 -> 0 | N115: =J115-M115 -> 0
A116: Space Ring | B116: EY306 | C116: 2 | D116: SCR 2200A | E116: 110×90×20L | F116: ='2026.9.9'!J64 -> 0 | G116: =H24*C116 -> 0 | J116: =F116+I116-G116-H116 -> 0 | K116: =J116/C116 -> 0 | L116: =IF(J116<M116,119,"") | M116: =P24*C116 -> 0 | N116: =J116-M116 -> 0
A117: Space Ring | B117: EY306 | C117: 2 | D117: SCR 2400A | E117: 120×100×20L | F117: ='2026.9.9'!J65 -> 4 | G117: =H25*C117 -> 0 | J117: =F117+I117-G117-H117 -> 4 | K117: =J117/C117 -> 2 | L117: =IF(J117<M117,119,"") | M117: =P25*C117 -> 0 | N117: =J117-M117 -> 4
A118: Space Ring | B118: EY306 | C118: 2 | D118: ICER 600A | E118: 49.95×40.4×77L | F118: ='2026.9.9'!J66 -> 68 | G118: =J6*C118 -> 0 | J118: =F118+I118-G118-H118 -> 68 | K118: =J118/C118 -> 34 | L118: =IF(J118<M118,119,"") | M118: =R6*C118 -> 26 | N118: =J118-M118 -> 42
A119: Space Ring | B119: EY306 | C119: 2 | D119: ICER 700A | E119: 54.95×45.4×70L | F119: ='2026.9.9'!J67 -> 0 | G119: =J7*C119 -> 0 | J119: =F119+I119-G119-H119 -> 0 | K119: =J119/C119 -> 0 | L119: =IF(J119<M119,119,"") | M119: =R7*C119 -> 0 | N119: =J119-M119 -> 0
A120: Space Ring | B120: EY306 | C120: 2 | D120: ICER 800A | E120: 59.95×50.4×77L | F120: ='2026.9.9'!J68 -> 84 | G120: =J8*C120 -> 0 | J120: =F120+I120-G120-H120 -> 84 | K120: =J120/C120 -> 42 | L120: =IF(J120<M120,119,"") | M120: =R8*C120 -> 20 | N120: =J120-M120 -> 64
...

Sheet 2026.9.14
G2: DAMPER 모델별 조립실적(2026.9.8~) | O2: DAMPER 모델별 조립계획(2026.10)
G3: SCR-LP | H3: 금일조립수량 | I3: ICER | J3: 금일조립수량 | K3: SCR-LP | L3: 누계 | M3: ICER | N3: 누계 | O3: SCR-LP | P3: 10월계획 | Q3: ICER | R3: 10월계획
G4: SCR N400A | K4: SCR N400A | L4: =H4+'2026.9.10'!L5 -> 0 | O4: SCR N400A
G5: SCR N450 | K5: SCR N450 | L5: =H5+'2026.9.10'!L6 -> 0 | O5: SCR N450 | P5: 6
G6: SCR 400A | I6: ICER 600A | K6: SCR 400A | L6: =H6+'2026.9.10'!L7 -> 0 | M6: ICER 600A | N6: ='2026.9.10'!N7+J6 -> 0 | O6: SCR 400A | Q6: ICER 600A | R6: 13
G7: SCR 450A | I7: ICER 700A | K7: SCR 450A | L7: =H7+'2026.9.10'!L8 -> 0 | M7: ICER 700A | N7: ='2026.9.10'!N8+J7 -> 0 | O7: SCR 450A | Q7: ICER 700A
G8: SCR 500A | I8: ICER 800A | K8: SCR 500A | L8: =H8+'2026.9.10'!L9 -> 0 | M8: ICER 800A | N8: ='2026.9.10'!N9+J8 -> 8 | O8: SCR 500A | P8: 12 | Q8: ICER 800A | R8: 10
G9: SCR N500A | I9: ICER 1000A | K9: SCR N500A | L9: =H9+'2026.9.10'!L10 -> 0 | M9: ICER 1000A | N9: ='2026.9.10'!N10+J9 -> 4 | O9: SCR N500A | P9: 6 | Q9: ICER 1000A | R9: 10
G10: SCR 5K N500A | K10: SCR 5K N500A | L10: =H10+'2026.9.10'!L11 -> 0 | O10: SCR 5K N500A | P10: 8
A11: DAMPER 조립 자재 재고현황 | G11: SCR 550A | K11: SCR 550A | L11: =H11+'2026.9.10'!L12 -> 0 | O11: SCR 550A
G12: SCR N550A | K12: SCR N550A | L12: =H12+'2026.9.10'!L13 -> 0 | O12: SCR N550A
G13: SCR 5K N550A | K13: SCR 5K N550A | L13: =H13+'2026.9.10'!L14 -> 0 | O13: SCR 5K N550A
G14: SCR 600A(SS) | K14: SCR 600A(SS) | L14: =H14+'2026.9.10'!L15 -> 0 | O14: SCR 600A(SS) | P14: 28
G15: SCR 600A(SB) | K15: SCR 600A(SB) | O15: SCR 600A(SB)
G16: SCR N600A(SS) | K16: SCR N600A(SS) | L16: =H16+'2026.9.10'!L16 -> 0 | O16: SCR N600A(SS)
G17: SCR N600A(SB) | K17: SCR N600A(SB) | O17: SCR N600A(SB)
G18: SCR 5K N600A | K18: SCR 5K N600A | L18: =H18+'2026.9.10'!L17 -> 0 | O18: SCR 5K N600A | P18: 4
G19: SCR 650A(SS) | K19: SCR 650A(SS) | L19: =H19+'2026.9.10'!L18 -> 0 | O19: SCR 650A(SS) | P19: 7
G20: SCR 650A(SB) | K20: SCR 650A(SB) | O20: SCR 650A(SB)
G21: SCR DIN 650A(SS) | K21: SCR DIN 650A(SS) | O21: SCR DIN 650A(SS)
G22: SCR DIN 650A(SB) | K22: SCR DIN 650A(SB) | O22: SCR DIN 650A(SB)
G23: SCR 5K 650A | K23: SCR 5K 650A | L23: =H23+'2026.9.10'!L19 -> 0 | O23: SCR 5K 650A | P23: 4
G24: SCR 700A(SS) | K24: SCR 700A(SS) | L24: =H24+'2026.9.10'!L20 -> 0 | O24: SCR 700A(SS) | P24: 5
G25: SCR 700A(SB) | K25: SCR 700A(SB) | O25: SCR 700A(SB)
G26: SCR DIN 700A(SS) | K26: SCR DIN 700A(SS) | O26: SCR DIN 700A(SS)
G27: SCR DIN 700A(SB) | K27: SCR DIN 700A(SB) | O27: SCR DIN 700A(SB)
G28: SCR 750A(SS) | K28: SCR 750A(SS) | L28: =H28+'2026.9.10'!L21 -> 0 | O28: SCR 750A(SS) | P28: 3
G29: SCR 750A(SB) | K29: SCR 750A(SB) | O29: SCR 750A(SB)
G30: SCR DIN 750A(SS) | K30: SCR DIN 750A(SS) | O30: SCR DIN 750A(SS)
G31: SCR DIN 750A(SB) | K31: SCR DIN 750A(SB) | O31: SCR DIN 750A(SB)
G32: SCR 800A(SS) | K32: SCR 800A(SS) | L32: =H32+'2026.9.10'!L22 -> 0 | O32: SCR 800A(SS) | P32: 17
G33: SCR 800A(SB) | K33: SCR 800A(SB) | O33: SCR 800A(SB)
G34: SCR DIN 800A(SS) | K34: SCR DIN 800A(SS) | O34: SCR DIN 800A(SS)
G35: SCR DIN 800A(SB) | K35: SCR DIN 800A(SB) | O35: SCR DIN 800A(SB)
G36: SCR 5K 400A(세) | K36: SCR 5K 400A(세) | L36: =H36+'2026.9.10'!L23 -> 0 | O36: SCR 5K 400A(세)
G37: SCR 5K 600A(세) | K37: SCR 5K 600A(세) | L37: =H37+'2026.9.10'!L24 -> 0 | O37: SCR 5K 600A(세)
G38: SCR 2200A | K38: SCR 2200A | L38: =H38+'2026.9.10'!L25 -> 1 | O38: SCR 2200A
G39: SCR 2400A | K39: SCR 2400A | L39: =H39+'2026.9.10'!L26 -> 0 | O39: SCR 2400A
L40: =SUM(L4:L39) -> 1 | N40: =SUM(N4:N39) -> 12 | P40: =SUM(P4:P39) -> 100 | R40: =SUM(R4:R39) -> 33
A42: 자재명 | B42: 재질 | C42: 수량/1대 | D42: 적용모델 | E42: 자재규격 | F42: 전일재고 | G42: 투입수량 | H42: 분실/파손/불용 | I42: 입고수량 | J42: 현재재고 | K42: 조립가능대수 | L42: 안전재고알람 | M42: 투입계획 | N42: 과부족
A43: Disc | B43: SS400 | C43: 1 | D43: SCR N400A | E43: JIS | G43: =H4*C43 -> 0 | J43: =F43+I43-G43-H43 -> 0 | K43: =J43/C43 -> 0 | L43: =IF(J43<M43,119,"") | M43: =P4*C43 -> 0 | N43: =J43-M43 -> 0
A44: Disc | B44: SS400 | C44: 1 | D44: SCR N450 | E44: JIS | G44: =H5*C44 -> 0 | J44: =F44+I44-G44-H44 -> 0 | K44: =J44/C44 -> 0 | L44: =IF(J44<M44,119,"") -> 119 | M44: =P5*C44 -> 6 | N44: =J44-M44 -> -6
A45: Disc | B45: SS400 | C45: 1 | D45: SCR 400A | E45: JIS | G45: =H6*C45 -> 0 | J45: =F45+I45-G45-H45 -> 0 | K45: =J45/C45 -> 0 | L45: =IF(J45<M45,119,"") | M45: =P6*C45 -> 0 | N45: =J45-M45 -> 0
A46: Disc | B46: SS400 | C46: 1 | D46: SCR 450A | E46: JIS | G46: =H7*C46 -> 0 | J46: =F46+I46-G46-H46 -> 0 | K46: =J46/C46 -> 0 | L46: =IF(J46<M46,119,"") | M46: =P7*C46 -> 0 | N46: =J46-M46 -> 0
A47: Disc | B47: SS400 | C47: 1 | D47: SCR 500A | E47: JIS | G47: =H8*C47 -> 0 | J47: =F47+I47-G47-H47 -> 0 | K47: =J47/C47 -> 0 | L47: =IF(J47<M47,119,"") -> 119 | M47: =P8*C47 -> 12 | N47: =J47-M47 -> -12
A48: Disc | B48: SS400 | C48: 1 | D48: SCR N500A | E48: JIS | G48: =H9*C48 -> 0 | J48: =F48+I48-G48-H48 -> 0 | K48: =J48/C48 -> 0 | L48: =IF(J48<M48,119,"") -> 119 | M48: =P9*C48 -> 6 | N48: =J48-M48 -> -6
A49: Disc | B49: SS400 | C49: 1 | D49: SCR 5K N500A | E49: JIS | G49: =H10*C49 -> 0 | J49: =F49+I49-G49-H49 -> 0 | K49: =J49/C49 -> 0 | L49: =IF(J49<M49,119,"") -> 119 | M49: =P10*C49 -> 8 | N49: =J49-M49 -> -8
A50: Disc | B50: SS400 | C50: 1 | D50: SCR 550A | E50: JIS | G50: =H11*C50 -> 0 | J50: =F50+I50-G50-H50 -> 0 | K50: =J50/C50 -> 0 | L50: =IF(J50<M50,119,"") | M50: =P11*C50 -> 0 | N50: =J50-M50 -> 0
A51: Disc | B51: SS400 | C51: 1 | D51: SCR N550A | E51: JIS | G51: =H12*C51 -> 0 | J51: =F51+I51-G51-H51 -> 0 | K51: =J51/C51 -> 0 | L51: =IF(J51<M51,119,"") | M51: =P12*C51 -> 0 | N51: =J51-M51 -> 0
A52: Disc | B52: SS400 | C52: 1 | D52: SCR 5K N550A | E52: JIS | G52: =H13*C52 -> 0 | J52: =F52+I52-G52-H52 -> 0 | K52: =J52/C52 -> 0 | L52: =IF(J52<M52,119,"") | M52: =P13*C52 -> 0 | N52: =J52-M52 -> 0
A53: Disc | B53: SS400 | C53: 1 | D53: SCR 600A(SS) | E53: JIS | G53: =H14*C53 -> 0 | J53: =F53+I53-G53-H53 -> 0 | K53: =J53/C53 -> 0 | L53: =IF(J53<M53,119,"") -> 119 | M53: =P14*C53 -> 28 | N53: =J53-M53 -> -28
A54: Disc | B54: SB480 | C54: 1 | D54: SCR 600A(SB) | E54: JIS | G54: =H15*C54 -> 0 | J54: =F54+I54-G54-H54 -> 0 | K54: =J54/C54 -> 0 | L54: =IF(J54<M54,119,"") | M54: =P15*C54 -> 0 | N54: =J54-M54 -> 0
... A78: Disc | B78: SB480 | C78: 1 | D78: SCR 2400A | E78: JIS | G78: =H39*C78 -> 0 | J78: =F78+I78-G78-H78 -> 0 | K78: =J78/C78 -> 0 | L78: =IF(J78<M78,119,"") | M78: =P39*C78 -> 0 | N78: =J78-M78 -> 0
A79: Disc | B79: SUS316 | C79: 1 | D79: ICER 600A | G79: =J6*C79 -> 0 | J79: =F79+I79-G79-H79 -> 0 | K79: =J79/C79 -> 0 | L79: =IF(J79<M79,119,"") -> 119 | M79: =R6*C79 -> 13 | N79: =J79-M79 -> -13
A80: Disc | B80: SUS316 | C80: 1 | D80: ICER 700A | G80: =J7*C80 -> 0 | J80: =F80+I80-G80-H80 -> 0 | K80: =J80/C80 -> 0 | L80: =IF(J80<M80,119,"") | M80: =R7*C80 -> 0 | N80: =J80-M80 -> 0
A81: Disc | B81: SUS308 | C81: 1 | D81: ICER 800A | G81: =J8*C81 -> 0 | J81: =F81+I81-G81-H81 -> 0 | K81: =J81/C81 -> 0 | L81: =IF(J81<M81,119,"") -> 119 | M81: =R8*C81 -> 10 | N81: =J81-M81 -> -10
A82: Disc | B82: SUS308 | C82: 1 | D82: ICER 1000A | G82: =J9*C82 -> 0 | J82: =F82+I82-G82-H82 -> 0 | K82: =J82/C82 -> 0 | L82: =IF(J82<M82,119,"") -> 119 | M82: =R9*C82 -> 10 | N82: =J82-M82 -> -10
A83: Body | B83: SS400 | C83: 1 | D83: SCR N400A | E83: JIS | G83: =H4*C83 -> 0 | J83: =F83+I83-G83-H83 -> 0 | K83: =J83/C83 -> 0 | L83: =IF(J83<M83,119,"") | M83: =P4*C83 -> 0 | N83: =J83-M83 -> 0
A84: Body | B84: SS400 | C84: 1 | D84: SCR N450 | E84: JIS | G84: =H5*C84 -> 0 | J84: =F84+I84-G84-H84 -> 0 | K84: =J84/C84 -> 0 | L84: =IF(J84<M84,119,"") -> 119 | M84: =P5*C84 -> 6 | N84: =J84-M84 -> -6
A85: Body | B85: SS400 | C85: 1 | D85: SCR 400A | E85: JIS | G85: =H6*C85 -> 0 | J85: =F85+I85-G85-H85 -> 0 | K85: =J85/C85 -> 0 | L85: =IF(J85<M85,119,"") | M85: =P6*C85 -> 0 | N85: =J85-M85 -> 0
A86: Body | B86: SS400 | C86: 1 | D86: SCR 450A | E86: JIS | G86: =H7*C86 -> 0 | J86: =F86+I86-G86-H86 -> 0 | K86: =J86/C86 -> 0 | L86: =IF(J86<M86,119,"") | M86: =P7*C86 -> 0 | N86: =J86-M86 -> 0
A87: Body | B87: SS400 | C87: 1 | D87: SCR 500A | E87: JIS | G87: =H8*C87 -> 0 | J87: =F87+I87-G87-H87 -> 0 | K87: =J87/C87 -> 0 | L87: =IF(J87<M87,119,"") -> 119 | M87: =P8*C87 -> 12 | N87: =J87-M87 -> -12
A88: Body | B88: SS400 | C88: 1 | D88: SCR N500A | E88: JIS | G88: =H9*C88 -> 0 | J88: =F88+I88-G88-H88 -> 0 | K88: =J88/C88 -> 0 | L88: =IF(J88<M88,119,"") -> 119 | M88: =P9*C88 -> 6 | N88: =J88-M88 -> -6
A89: Body | B89: SS400 | C89: 1 | D89: SCR 5K N500A | E89: JIS | G89: =H10*C89 -> 0 | J89: =F89+I89-G89-H89 -> 0 | K89: =J89/C89 -> 0 | L89: =IF(J89<M89,119,"") -> 119 | M89: =P10*C89 -> 8 | N89: =J89-M89 -> -8
A90: Body | B90: SS400 | C90: 1 | D90: SCR 550A | E90: JIS | G90: =H11*C90 -> 0 | J90: =F90+I90-G90-H90 -> 0 | K90: =J90/C90 -> 0 | L90: =IF(J90<M90,119,"") | M90: =P11*C90 -> 0 | N90: =J90-M90 -> 0
A91: Body | B91: SS400 | C91: 1 | D91: SCR N550A | E91: JIS | G91: =H12*C91 -> 0 | J91: =F91+I91-G91-H91 -> 0 | K91: =J91/C91 -> 0 | L91: =IF(J91<M91,119,"") | M91: =P12*C91 -> 0 | N91: =J91-M91 -> 0
A92: Body | B92: SS400 | C92: 1 | D92: SCR 5K N550A | E92: JIS | G92: =H13*C92 -> 0 | J92: =F92+I92-G92-H92 -> 0 | K92: =J92/C92 -> 0 | L92: =IF(J92<M92,119,"") | M92: =P13*C92 -> 0 | N92: =J92-M92 -> 0
A93: Body | B93: SS400 | C93: 1 | D93: SCR 600A(SS) | E93: JIS | G93: =H14*C93 -> 0 | J93: =F93+I93-G93-H93 -> 0 | K93: =J93/C93 -> 0 | L93: =IF(J93<M93,119,"") -> 119 | M93: =P14*C93 -> 28 | N93: =J93-M93 -> -28
A94: Body | B94: SB480 | C94: 1 | D94: SCR 600A(SB) | E94: JIS | G94: =H15*C94 -> 0 | J94: =F94+I94-G94-H94 -> 0 | K94: =J94/C94 -> 0 | L94: =IF(J94<M94,119,"") | M94: =P15*C94 -> 0 | N94: =J94-M94 -> 0
... A118: Body | B118: SB480 | C118: 1 | D118: SCR 2400A | E118: JIS | G118: =H39*C118 -> 0 | J118: =F118+I118-G118-H118 -> 0 | K118: =J118/C118 -> 0 | L118: =IF(J118<M118,119,"") | M118: =P39*C118 -> 0 | N118: =J118-M118 -> 0
A119: Body | B119: SUS316 | C119: 1 | D119: ICER 600A | G119: =J6*C119 -> 0 | J119: =F119+I119-G119-H119 -> 0 | K119: =J119/C119 -> 0 | L119: =IF(J119<M119,119,"") -> 119 | M119: =R6*C119 -> 13 | N119: =J119-M119 -> -13
A120: Body | B120: SUS316 | C120: 1 | D120: ICER 700A | G120: =J7*C120 -> 0 | J120: =F120+I120-G120-H120 -> 0 | K120: =J120/C120 -> 0 | L120: =IF(J120<M120,119,"") | M120: =R7*C120 -> 0 | N120: =J120-M120 -> 0
A121: Body | B121: SUS308 | C121: 1 | D121: ICER 800A | G121: =J8*C121 -> 0 | J121: =F121+I121-G121-H121 -> 0 | K121: =J121/C121 -> 0 | L121: =IF(J121<M121,119,"") -> 119 | M121: =R8*C121 -> 10 | N121: =J121-M121 -> -10
A122: Body | B122: SUS308 | C122: 1 | D122: ICER 1000A | G122: =J9*C122 -> 0 | J122: =F122+I122-G122-H122 -> 0 | K122: =J122/C122 -> 0 | L122: =IF(J122<M122,119,"") -> 119 | M122: =R9*C122 -> 10 | N122: =J122-M122 -> -10
A123: Key | B123: S45C | C123: 2 | D123: SCR 400A-750A공용 | E123: 10×8×35L | F123: ='2026.9.11'!J81 -> 310 | G123: =SUM(H4:H31)*C123 -> 0 | J123: =F123+I123-G123-H123 -> 310 | K123: =J123/C123 -> 155 | L123: =IF(J123<M123,119,"") | M123: =SUM(P4:P31)*C123 -> 166 | N123: =J123-M123 -> 144
A124: Key | B124: S45C | C124: 2 | D124: SCR 800A | E124: 12×8×55L | F124: ='2026.9.11'!J82 -> 240 | G124: =SUM(H32:H35)*C124 -> 0 | J124: =F124+I124-G124-H124 -> 240 | K124: =J124/C124 -> 120 | L124: =IF(J124<M124,119,"") | M124: =SUM(P32:P35)*C124 -> 34 | N124: =J124-M124 -> 206
A125: Key | B125: S45C | C125: 2 | D125: SCR 5K 400A(세) | E125: 10×8×35L | F125: ='2026.9.11'!J83 -> 17 | G125: =H36*C125 -> 0 | J125: =F125+I125-G125-H125 -> 17 | K125: =J125/C125 -> 8.5 | L125: =IF(J125<M125,119,"") | M125: =P36*C125 -> 0 | N125: =J125-M125 -> 17
A126: Key | B126: S45C | C126: 2 | D126: SCR 5K 600A(세) | E126: 14×9×55L | F126: ='2026.9.11'!J84 -> 17 | G126: =H37*C126 -> 0 | J126: =F126+I126-G126-H126 -> 17 | K126: =J126/C126 -> 8.5 | L126: =IF(J126<M126,119,"") | M126: =P37*C126 -> 0 | N126: =J126-M126 -> 17
A127: Key | B127: S45C | C127: 2 | D127: SCR 2200A/2400A공용 | E127: 25×14×80L | F127: ='2026.9.11'!J85 -> 4 | G127: =SUM(H38:H39)*C127 -> 0 | J127: =F127+I127-G127-H127 -> 4 | K127: =J127/C127 -> 2 | L127: =IF(J127<M127,119,"") | M127: =SUM(P38:P39)*C127 -> 0 | N127: =J127-M127 -> 4
A128: Key | B128: SUS304 | C128: 2 | D128: ICER 600A | E128: 10×8×45L | F128: ='2026.9.11'!J86 -> 76 | G128: =J6*C128 -> 0 | J128: =F128+I128-G128-H128 -> 76 | K128: =J128/C128 -> 38 | L128: =IF(J128<M128,119,"") | M128: =R6*C128 -> 26 | N128: =J128-M128 -> 50
A129: Key | B129: SUS304 | C129: 2 | D129: ICER 700A | E129: 12×8×58L | F129: ='2026.9.11'!J87 -> 2 | G129: =J7*C129 -> 0 | J129: =F129+I129-G129-H129 -> 2 | K129: =J129/C129 -> 1 | L129: =IF(J129<M129,119,"") | M129: =R7*C129 -> 0 | N129: =J129-M129 -> 2
A130: Key | B130: SUS304 | C130: 2 | D130: ICER 800A | E130: 14×9×60L | F130: ='2026.9.11'!J88 -> 69 | G130: =J8*C130 -> 0 | J130: =F130+I130-G130-H130 -> 69 | K130: =J130/C130 -> 34.5 | L130: =IF(J130<M130,119,"") | M130: =R8*C130 -> 20 | N130: =J130-M130 -> 49
A131: Key | B131: SUS304 | C131: 2 | D131: ICER 1000A | E131: 14×9×50L | F131: ='2026.9.11'!J89 -> 64 | G131: =J9*C131 -> 0 | J131: =F131+I131-G131-H131 -> 64 | K131: =J131/C131 -> 32 | L131: =IF(J131<M131,119,"") | M131: =R9*C131 -> 20 | N131: =J131-M131 -> 44
A132: Key(Adapter) | B132: S45C | C132: 2 | D132: SCR 2200A/2400A공용 | E132: 150×28×16T | F132: ='2026.9.11'!J90 -> 6 | G132: =SUM(H38:H39)*C132 -> 0 | J132: =F132+I132-G132-H132 -> 6 | K132: =J132/C132 -> 3 | L132: =IF(J132<M132,119,"") | M132: =SUM(P38:P39)*C132 -> 0 | N132: =J132-M132 -> 6
A133: Dust Seal | B133: GRAPHITE | C133: 4 | D133: SCR 400A-600A공용 | E133: 45×35×5L | F133: ='2026.9.11'!J91 -> 304 | G133: =SUM(H4:H18)*C133 -> 0 | J133: =F133+I133-G133-H133 -> 304 | K133: =J133/C133 -> 76 | L133: =IF(J133<M133,119,"") | M133: =SUM(P4:P18)*C133 -> 256 | N133: =J133-M133 -> 48
A134: Dust Seal | B134: GRAPHITE | C134: 4 | D134: SCR 650A-750A공용 | E134: 50×40×5L | F134: ='2026.9.11'!J92 -> 150 | G134: =SUM(H19:H31)*C134 -> 0 | J134: =F134+I134-G134-H134 -> 150 | K134: =J134/C134 -> 37.5 | L134: =IF(J134<M134,119,"") | M134: =SUM(P19:P31)*C134 -> 76 | N134: =J134-M134 -> 74
A135: Dust Seal | B135: GRAPHITE | C135: 4 | D135: SCR 800A | E135: 60×45×7.5L | F135: ='2026.9.11'!J93 -> 262 | G135: =SUM(H32:H35)*C135 -> 0 | J135: =F135+I135-G135-H135 -> 262 | K135: =J135/C135 -> 65.5 | L135: =IF(J135<M135,119,"") | M135: =SUM(P32:P35)*C135 -> 68 | N135: =J135-M135 -> 194
A136: Dust Seal | B136: GRAPHITE | C136: 4 | D136: SCR 5K 400A(세) | E136: 40×30×5T | F136: ='2026.9.11'!J94 -> 6 | G136: =H36*C136 -> 0 | J136: =F136+I136-G136-H136 -> 6 | K136: =J136/C136 -> 1.5 | L136: =IF(J136<M136,119,"") | M136: =P36*C136 -> 0 | N136: =J136-M136 -> 6
A137: Dust Seal | B137: GRAPHITE | C137: 4 | D137: SCR 5K 600A(세) | E137: 60×50×5T | F137: ='2026.9.11'!J95 -> 6 | G137: =H37*C137 -> 0 | J137: =F137+I137-G137-H137 -> 6 | K137: =J137/C137 -> 1.5 | L137: =IF(J137<M137,119,"") | M137: =P37*C137 -> 0 | N137: =J137-M137 -> 6
A138: Dust Seal | B138: GRAPHITE | C138: 2 | D138: SCR 2200A | E138: 110×90×10T | F138: ='2026.9.11'!J96 -> 0 | G138: =H38*C138 -> 0 | J138: =F138+I138-G138-H138 -> 0 | K138: =J138/C138 -> 0 | L138: =IF(J138<M138,119,"") | M138: =P38*C138 -> 0 | N138: =J138-M138 -> 0
A139: Dust Seal | B139: GRAPHITE | C139: 2 | D139: SCR 2400A | E139: 120×100×10T | F139: ='2026.9.11'!J97 -> 4 | G139: =H39*C139 -> 0 | J139: =F139+I139-G139-H139 -> 4 | K139: =J139/C139 -> 2 | L139: =IF(J139<M139,119,"") | M139: =P39*C139 -> 0 | N139: =J139-M139 -> 4
A140: Dust Seal | B140: GRAPHITE | C140: 4 | D140: ICER 600A | E140: 50×40×5L | F140: ='2026.9.11'!J98 -> 206 | G140: =J6*C140 -> 0 | J140: =F140+I140-G140-H140 -> 206 | K140: =J140/C140 -> 51.5 | L140: =IF(J140<M140,119,"") | M140: =SUM(R6)*C140 -> 52 | N140: =J140-M140 -> 154
A141: Dust Seal | B141: GRAPHITE | C141: 4 | D141: ICER 700A | E141: 55×45×5L | F141: ='2026.9.11'!J99 -> 0 | G141: =J7*C141 -> 0 | J141: =F141+I141-G141-H141 -> 0 | K141: =J141/C141 -> 0 | L141: =IF(J141<M141,119,"") | M141: =SUM(R7)*C141 -> 0 | N141: =J141-M141 -> 0
A142: Dust Seal | B142: GRAPHITE | C142: 4 | D142: ICER 800A/1000A공용 | E142: 60×50×5L | F142: ='2026.9.11'!J100 -> 292 | G142: =SUM(J8:J9)*C142 -> 0 | J142: =F142+I142-G142-H142 -> 292 | K142: =J142/C142 -> 73 | L142: =IF(J142<M142,119,"") | M142: =SUM(R8:R9)*C142 -> 80 | N142: =J142-M142 -> 212
A143: Packing Ring | B143: GRAPHITE | C143: 8 | D143: SCR 400A-600A공용 | E143: 45×35×5L | F143: ='2026.9.11'!J101 -> 612 | G143: =SUM(H4:H18)*C143 -> 0 | J143: =F143+I143-G143-H143 -> 612 | K143: =J143/C143 -> 76.5 | L143: =IF(J143<M143,119,"") | M143: =SUM(P4:P18)*C143 -> 512 | N143: =J143-M143 -> 100
A144: Packing Ring | B144: GRAPHITE | C144: 8 | D144: SCR 650A-750A공용 | E144: 50×40×5L | F144: ='2026.9.11'!J102 -> 246 | G144: =SUM(H19:H31)*C144 -> 0 | J144: =F144+I144-G144-H144 -> 246 | K144: =J144/C144 -> 30.75 | L144: =IF(J144<M144,119,"") | M144: =SUM(P19:P31)*C143 -> 152 | N144: =J144-M144 -> 94
A145: Packing Ring | B145: GRAPHITE | C145: 8 | D145: SCR 800A | E145: 60×45×7.5L | F145: ='2026.9.11'!J103 -> 530 | G145: =SUM(H32:H35)*C145 -> 0 | J145: =F145+I145-G145-H145 -> 530 | K145: =J145/C145 -> 66.25 | L145: =IF(J145<M144,119,"") | M145: =SUM(P32:P35)*C145 -> 136 | N145: =J145-M145 -> 394
A146: Packing Ring | B146: GRAPHITE | C146: 5 | D146: SCR 5K 400A(세) | E146: 45×30×7.5T | F146: ='2026.9.11'!J104 -> 10 | G146: =SUM(H36)*C146 -> 0 | J146: =F146+I146-G146-H146 -> 10 | K146: =J146/C146 -> 2 | L146: =IF(J146<M146,119,"") | M146: =P36*C146 -> 0 | N146: =J146-M146 -> 10
A147: Packing Ring | B147: GRAPHITE | C147: 5 | D147: SCR 5K 600A(세) | E147: 70×50×10T | F147: ='2026.9.11'!J105 -> 10 | G147: =SUM(H37)*C147 -> 0 | J147: =F147+I147-G147-H147 -> 10 | K147: =J147/C147 -> 2 | L147: =IF(J147<M147,119,"") | M147: =P37*C147 -> 0 | N147: =J147-M147 -> 10
A148: Packing Ring | B148: GRAPHITE | C148: 8 | D148: SCR 2200A | E148: 110×90×10T | F148: ='2026.9.11'!J106 -> 0 | G148: =SUM(H38)*C148 -> 0 | J148: =F148+I148-G148-H148 -> 0 | K148: =J148/C148 -> 0 | L148: =IF(J148<M148,119,"") | M148: =P38*C148 -> 0 | N148: =J148-M148 -> 0
...

Sheet Sheet1
